<?xml version="1.0" encoding="ISO-8859-15" standalone="no"?>
<uc-export clientvers="11.2.0-dev+main.build.2327">
<FolderStruct>
<includeExternalObjects>0</includeExternalObjects>
<FOLD name="PCK.CUSTOM_MICROSOFT_EXCEL" title="">
<VARA id="1013001" link="0" name="PCK.CUSTOM_MICROSOFT_EXCEL.PUB.VAR.METADATA"/>
<FOLD name="ACTIONS" title="">
<FOLD name="MCROSOFT_EXCEL" title="">
<JOBP id="1014001" link="1" name="PCK.CUSTOM_MICROSOFT_EXCEL.PUB.ACTION.GET_CELL_VALUES"/>
<JOBP id="1013016" link="1" name="PCK.CUSTOM_MICROSOFT_EXCEL.PUB.ACTION.UPDATE_CELL_VALUE"/>
</FOLD>
</FOLD>
<FOLD name="CONFIG" title="">
<VARA id="1013002" link="0" name="PCK.CUSTOM_MICROSOFT_EXCEL.PUB.PROMPT_EXTERNAL_MAP"/>
</FOLD>
<FOLD name="DOCUMENTATION" title="">
<DOCU id="1013003" link="0" name="PCK.CUSTOM_MICROSOFT_EXCEL.PUB.DOC"/>
<DOCU id="1013004" link="0" name="PCK.CUSTOM_MICROSOFT_EXCEL.PUB.LICENSES"/>
</FOLD>
<FOLD name="RESOURCES" title="">
<FOLD name="INTERPRETERS" title=""/>
<FOLD name="LIBS" title=""/>
<FOLD name="SCRIPTS" title=""/>
</FOLD>
<FOLD name="SOURCE" title="">
<FOLD name="GET_CELL_VALUES" title="">
<JOBP id="1014001" link="0" name="PCK.CUSTOM_MICROSOFT_EXCEL.PUB.ACTION.GET_CELL_VALUES"/>
<FOLD name="INTERNAL" title="">
<FOLD name="INCLUDES" title=""/>
<FOLD name="JOBS" title="">
<JOBS_UNIX id="1014002" link="0" name="PCK.CUSTOM_MICROSOFT_EXCEL.PRV.JOB.GET_CELL_VALUES@UNIX"/>
<JOBS_WINDOWS id="1014003" link="0" name="PCK.CUSTOM_MICROSOFT_EXCEL.PRV.JOB.GET_CELL_VALUES@WINDOWS"/>
</FOLD>
<FOLD name="PROMPTSETS" title="">
<PRPT id="1014004" link="0" name="PCK.CUSTOM_MICROSOFT_EXCEL.PRV.PROMPTSET.GET_CELL_VALUES"/>
</FOLD>
<FOLD name="ROLLBACK" title=""/>
<FOLD name="VARIABLES" title="">
<VARA id="1015001" link="0" name="GET_CELL_VALUES.OUTPUT"/>
</FOLD>
</FOLD>
</FOLD>
<FOLD name="UPDATE_CELL_VALUE" title="">
<JOBP id="1013016" link="0" name="PCK.CUSTOM_MICROSOFT_EXCEL.PUB.ACTION.UPDATE_CELL_VALUE"/>
<FOLD name="INTERNAL" title="">
<FOLD name="INCLUDES" title=""/>
<FOLD name="JOBS" title="">
<JOBS_UNIX id="1013023" link="0" name="PCK.CUSTOM_MICROSOFT_EXCEL.PRV.JOB.UPDATE_CELL_VALUE@UNIX"/>
<JOBS_WINDOWS id="1013024" link="0" name="PCK.CUSTOM_MICROSOFT_EXCEL.PRV.JOB.UPDATE_CELL_VALUE@WINDOWS"/>
</FOLD>
<FOLD name="PROMPTSETS" title="">
<PRPT id="1015002" link="0" name="PCK.CUSTOM_MICROSOFT_EXCEL.PRV.PROMPTSET.UPDATE_CELL_VALUE"/>
</FOLD>
<FOLD name="ROLLBACK" title=""/>
<FOLD name="VARIABLES" title="">
<VARA id="1015003" link="0" name="VARA.OUTPUT_CLONE"/>
</FOLD>
</FOLD>
</FOLD>
</FOLD>
<FOLD name="TEMPLATES" title=""/>
</FOLD>
</FolderStruct>
<VARA OVD_VRName="FREI" data_type="STATIC" name="PCK.CUSTOM_MICROSOFT_EXCEL.PUB.VAR.METADATA" replacementmode="2">
<HEADER state="1">
<Title/>
<ArchiveKey1/>
<ArchiveKey2/>
<OH_SubType>STATIC</OH_SubType>
</HEADER>
<ATTR_VARA state="1">
<Type>C|Text</Type>
<lblSource>Static</lblSource>
<source>STATIC</source>
<VRName>FREI|Freely selected</VRName>
<NotFoundErr>0</NotFoundErr>
<NotFoundDef>1</NotFoundDef>
<ShareN>0</ShareN>
<ShareL>0</ShareL>
<ShareR>0</ShareR>
<MaxValue_C>1024</MaxValue_C>
<CheckMax_C>0</CheckMax_C>
<uppercase>0</uppercase>
<sortColumn>0</sortColumn>
<sortDirection>0</sortDirection>
</ATTR_VARA>
<VARA state="1">
<Variables>
<row Name="Categories" Value="" Value1="" Value2="" Value3="" Value4=""/>
<row Name="Company" Value="Custom" Value1="" Value2="" Value3="" Value4=""/>
<row Name="Dependencies" Value="PCK.ITPA_SHARED ~&gt; 1.1" Value1="" Value2="" Value3="" Value4=""/>
<row Name="Description" Value="" Value1="" Value2="" Value3="" Value4=""/>
<row Name="Homepage" Value="www.yourcompany.com" Value1="" Value2="" Value3="" Value4=""/>
<row Name="License" Value="" Value1="" Value2="" Value3="" Value4=""/>
<row Name="Name" Value="PCK.CUSTOM_MICROSOFT_EXCEL" Value1="" Value2="" Value3="" Value4=""/>
<row Name="Package Format Version" Value="0.2.0" Value1="" Value2="" Value3="" Value4=""/>
<row Name="Title" Value="Microsoft Excel" Value1="" Value2="" Value3="" Value4=""/>
<row Name="Version" Value="1.0.0" Value1="" Value2="" Value3="" Value4=""/>
<row Name="Action.Builder.Version" Value="1.0.0" Value1="" Value2="" Value3="" Value4=""/>
<row Name="Action.Builder.Library" Value="1.0.0" Value1="" Value2="" Value3="" Value4=""/>
<row Name="Action.Builder.Exported" Value="2016-06-02T02:01:37-0700" Value1="" Value2="" Value3="" Value4=""/>
</Variables>
</VARA>
<DOCU_Docu state="1" type="text">
<DOC/>
</DOCU_Docu>
</VARA>
<VARA OVD_VRName="FREI" data_type="STATIC" name="PCK.CUSTOM_MICROSOFT_EXCEL.PUB.PROMPT_EXTERNAL_MAP" replacementmode="2">
<HEADER state="1">
<Title/>
<ArchiveKey1/>
<ArchiveKey2/>
<OH_SubType>STATIC</OH_SubType>
</HEADER>
<ATTR_VARA state="1">
<Type>C|Text</Type>
<lblSource>Static</lblSource>
<source>STATIC</source>
<VRName>FREI|Freely selected</VRName>
<NotFoundErr>0</NotFoundErr>
<NotFoundDef>1</NotFoundDef>
<ShareN>0</ShareN>
<ShareL>0</ShareL>
<ShareR>0</ShareR>
<MaxValue_C>1024</MaxValue_C>
<CheckMax_C>0</CheckMax_C>
<uppercase>0</uppercase>
<sortColumn>0</sortColumn>
<sortDirection>0</sortDirection>
</ATTR_VARA>
<VARA state="1">
<Variables/>
</VARA>
<DOCU_Docu state="1" type="text">
<DOC/>
</DOCU_Docu>
</VARA>
<DOCU name="PCK.CUSTOM_MICROSOFT_EXCEL.PUB.DOC">
<HEADER state="1">
<Title>Pack Documentation</Title>
<ArchiveKey1/>
<ArchiveKey2/>
<OH_SubType/>
</HEADER>
<DOCU_Docu state="1" type="text">
<DOC><![CDATA[Microsoft Excel Action Pack
-------------------------------------
Read and update cell range in Excel File.

Requirements
-------------------
PowerShell
Microsoft Excel on Agent machine

Ensure following folders are present on Agent machine:

C:\Windows\System32\config\systemprofile\Desktop

(64Bit)
C:\Windows\SysWOW64\config\systemprofile\Desktop

As per <http://stackoverflow.com/questions/22670344/powershell-script-cannot-access-a-file-when-run-as-a-scheduled-task/22671918>
]]></DOC>
</DOCU_Docu>
</DOCU>
<DOCU name="PCK.CUSTOM_MICROSOFT_EXCEL.PUB.LICENSES">
<HEADER state="1">
<Title/>
<ArchiveKey1/>
<ArchiveKey2/>
<OH_SubType/>
</HEADER>
<DOCU_Docu state="1" type="text">
<DOC/>
</DOCU_Docu>
</DOCU>
<JOBP AllowExternal="1" name="PCK.CUSTOM_MICROSOFT_EXCEL.PUB.ACTION.GET_CELL_VALUES">
<XHEADER state="1">
<Title>Get Cell Values</Title>
<ArchiveKey1/>
<ArchiveKey2/>
<Active>1</Active>
<OH_SubType/>
<CustomAttributes KeyListID="0" dataRequestID="0"/>
</XHEADER>
<SYNCREF state="1">
<Syncs/>
</SYNCREF>
<ATTR_JOBP state="1">
<Queue>CLIENT_QUEUE</Queue>
<ChildQueue/>
<StartType/>
<ExtRepDef>1</ExtRepDef>
<ExtRepAll>0</ExtRepAll>
<ExtRepNone>0</ExtRepNone>
<IntAccount/>
<AutoDeactNo>0</AutoDeactNo>
<AutoDeact1ErrorFree>0</AutoDeact1ErrorFree>
<AutoDeactErrorFree>1</AutoDeactErrorFree>
<DeactWhen>ANY_OK</DeactWhen>
<AutoDeactAlways>0</AutoDeactAlways>
<DeactDelay>0</DeactDelay>
<ActAtRun>1</ActAtRun>
<UC4Priority>0</UC4Priority>
<MaxParallel2>0</MaxParallel2>
<ReuseHG>1</ReuseHG>
<MpElse1>1</MpElse1>
<MpElse2>0</MpElse2>
<TZ/>
<RWhen/>
<RExecute/>
<JPA_SubType/>
</ATTR_JOBP>
<JOBP state="1">
<JobpStruct mode="design">
<task Alias="" BranchType="0" Col="1" Lnr="1" OType="&lt;START&gt;" Object="START" ParentAlias="" ParentObject="" Row="1" Text2="">
<checkpoint RollbackFlag="0" RunPerPatch="0" RunPerTarget="0" TcpADays="0" TcpATime="00:00" TcpATimeTZ="" TcpExecute="" TcpOn="0" promptatgen="0" showprompt="0"/>
<after ActFlg="1" AtimOn="0" ErlstStDays="0" ErlstStTime="00:00" ErlstStTimeTZ="" HoldFlg="0"/>
<when ChkWhenExec="0" LtstEnd="0" LtstEndDays="0" LtstEndTime="00:00" LtstSt="0" LtstStDays="0" LtstStTime="00:00" LtstTimeTZ="" WCTypeAND="1" WCTypeOR="0" WElseA="0" WElseH="0" WElseS="1" WElseX="0" WhenExecute="" WtimOn="0"/>
<preconditions>
<PreCon>
<conditions id="CONDITIONS"/>
</PreCon>
</preconditions>
<predecessors/>
<runtime MrtCancel="0" MrtDays="0" MrtErt="0" MrtExecute="0" MrtExecuteObj="" MrtFix="0" MrtMethodDate="0" MrtMethodErt="0" MrtMethodFix="0" MrtMethodNone="1" MrtOn="1" MrtTZ="" MrtTime="00:00" SrtErt="0" SrtFix="0" SrtMethodErt="0" SrtMethodFix="0" SrtMethodNone="1"/>
<result ChkRExec="0" RElseHalt="0" RElseIgn="0" RElseJPAbend="0" RExecFlag="0" RExecute="" RRepMTimes="0" RRepOn="0" RRepWait="0" RWhen=""/>
<dynvalues>
<dyntree>
<node content="1" id="PCK.CUSTOM_MICROSOFT_EXCEL.PRV.PROMPTSET.GET_CELL_VALUES" name="PCK.CUSTOM_MICROSOFT_EXCEL.PRV.PROMPTSET.GET_CELL_VALUES" parent="PPRPTS" type="PPROMPTSET">
<PROMPTSET name="PCK.CUSTOM_MICROSOFT_EXCEL.PRV.PROMPTSET.GET_CELL_VALUES">
<PRPTBOX promptset="PCK.CUSTOM_MICROSOFT_EXCEL.PRV.PROMPTSET.GET_CELL_VALUES">
<CELLRANGEs.00 ReadFromTable="OPUD" altview="0" haslist="0" msginsert="" msgnr="" promptname="CELLRANGE#" promptsetname="PCK.CUSTOM_MICROSOFT_EXCEL.PRV.PROMPTSET.GET_CELL_VALUES"/>
<CULTUREs.00 ReadFromTable="OPUD" altview="0" haslist="0" msginsert="" msgnr="" promptname="CULTURE#" promptsetname="PCK.CUSTOM_MICROSOFT_EXCEL.PRV.PROMPTSET.GET_CELL_VALUES">en-US</CULTUREs.00>
<FILENAMEs.00 ReadFromTable="OPUD" altview="0" haslist="0" msginsert="" msgnr="" promptname="FILENAME#" promptsetname="PCK.CUSTOM_MICROSOFT_EXCEL.PRV.PROMPTSET.GET_CELL_VALUES"/>
<SHEETNAMEs.00 ReadFromTable="OPUD" altview="0" haslist="0" msginsert="" msgnr="" promptname="SHEETNAME#" promptsetname="PCK.CUSTOM_MICROSOFT_EXCEL.PRV.PROMPTSET.GET_CELL_VALUES"/>
</PRPTBOX>
</PROMPTSET>
</node>
<node content="1" id="PCK.ITPA_SHARED.PRV.PROMPTSET.OVERWRITE_AGENT" name="PCK.ITPA_SHARED.PRV.PROMPTSET.OVERWRITE_AGENT" parent="PPRPTS" type="PPROMPTSET">
<PROMPTSET name="PCK.ITPA_SHARED.PRV.PROMPTSET.OVERWRITE_AGENT">
<PRPTBOX promptset="PCK.ITPA_SHARED.PRV.PROMPTSET.OVERWRITE_AGENT">
<AGENTs.00 ReadFromTable="OPUD" altview="1" haslist="0" msginsert="" msgnr="" promptname="AGENT#" promptsetname="PCK.ITPA_SHARED.PRV.PROMPTSET.OVERWRITE_AGENT">&amp;AGENT#</AGENTs.00>
<LOGINs.00 ReadFromTable="OPUD" altview="1" haslist="0" msginsert="" msgnr="" promptname="LOGIN#" promptsetname="PCK.ITPA_SHARED.PRV.PROMPTSET.OVERWRITE_AGENT">&amp;LOGIN#</LOGINs.00>
</PRPTBOX>
</PROMPTSET>
</node>
</dyntree>
</dynvalues>
<CIT/>
<calendars CCTypeAll="0" CCTypeExt="0" CCTypeNone="0" CCTypeOne="1" CaleOn="0"/>
<postconditions>
<PostCon>
<conditions id="CONDITIONS"/>
</PostCon>
</postconditions>
</task>
<task Alias="" BranchType="0" Col="2" Lnr="2" OType="JOBS" Object="PCK.CUSTOM_MICROSOFT_EXCEL.PRV.JOB.GET_CELL_VALUES@WINDOWS" ParentAlias="" ParentObject="" Row="1" Text2="">
<checkpoint RollbackFlag="0" RunPerPatch="0" RunPerTarget="0" TcpADays="0" TcpATime="00:00" TcpATimeTZ="" TcpExecute="" TcpOn="0" promptatgen="0" showprompt="0"/>
<after ActFlg="1" AtimOn="0" ErlstStDays="0" ErlstStTime="00:00" ErlstStTimeTZ="" HoldFlg="0"/>
<when ChkWhenExec="0" LtstEnd="0" LtstEndDays="0" LtstEndTime="00:00" LtstSt="0" LtstStDays="0" LtstStTime="00:00" LtstTimeTZ="" WCTypeAND="1" WCTypeOR="0" WElseA="1" WElseH="0" WElseS="0" WElseX="0" WhenExecute="" WtimOn="0"/>
<preconditions>
<PreCon>
<conditions id="CONDITIONS"/>
</PreCon>
</preconditions>
<predecessors>
<pre BranchType="0" Lnr="1" PreLnr="1" When="ANY_OK" type="container"/>
</predecessors>
<runtime MrtCancel="0" MrtDays="0" MrtErt="0" MrtExecute="0" MrtExecuteObj="" MrtFix="0" MrtMethodDate="0" MrtMethodErt="0" MrtMethodFix="0" MrtMethodNone="1" MrtOn="1" MrtTZ="" MrtTime="00:00" SrtErt="0" SrtFix="0" SrtMethodErt="0" SrtMethodFix="0" SrtMethodNone="1"/>
<result ChkRExec="0" RElseHalt="0" RElseIgn="0" RElseJPAbend="0" RExecFlag="0" RExecute="" RRepMTimes="0" RRepOn="0" RRepWait="0" RWhen=""/>
<dynvalues>
<dyntree>
<node content="1" id="VALUE" name="Variables" parent="" type="TASKVALUE">
<VALUE state="2">
<Values/>
<Mode>0</Mode>
</VALUE>
</node>
<node content="1" id="PVALUE" name="Parent Variables" parent="" type="TASKVALUE">
<VALUE state="2">
<Values/>
<Mode>0</Mode>
</VALUE>
</node>
<node content="1" id="PRPTS" name="PromptSets" parent="" pref="1" type="PROMPTSET"/>
<node content="0" id="PPRPTS" name="Parent PromptSets" parent="" type="PPROMPTSET"/>
<node content="1" id="PCK.CUSTOM_MICROSOFT_EXCEL.PRV.PROMPTSET.GET_CELL_VALUES" name="PCK.CUSTOM_MICROSOFT_EXCEL.PRV.PROMPTSET.GET_CELL_VALUES" parent="PPRPTS" type="PPROMPTSET">
<PROMPTSET name="PCK.CUSTOM_MICROSOFT_EXCEL.PRV.PROMPTSET.GET_CELL_VALUES">
<PRPTBOX promptset="PCK.CUSTOM_MICROSOFT_EXCEL.PRV.PROMPTSET.GET_CELL_VALUES">
<CELLRANGEs.00 ReadFromTable="OPUD" altview="0" haslist="0" msginsert="" msgnr="" promptname="CELLRANGE#" promptsetname="PCK.CUSTOM_MICROSOFT_EXCEL.PRV.PROMPTSET.GET_CELL_VALUES"/>
<CULTUREs.00 ReadFromTable="OPUD" altview="0" haslist="0" msginsert="" msgnr="" promptname="CULTURE#" promptsetname="PCK.CUSTOM_MICROSOFT_EXCEL.PRV.PROMPTSET.GET_CELL_VALUES">en-US</CULTUREs.00>
<FILENAMEs.00 ReadFromTable="OPUD" altview="0" haslist="0" msginsert="" msgnr="" promptname="FILENAME#" promptsetname="PCK.CUSTOM_MICROSOFT_EXCEL.PRV.PROMPTSET.GET_CELL_VALUES"/>
<SHEETNAMEs.00 ReadFromTable="OPUD" altview="0" haslist="0" msginsert="" msgnr="" promptname="SHEETNAME#" promptsetname="PCK.CUSTOM_MICROSOFT_EXCEL.PRV.PROMPTSET.GET_CELL_VALUES"/>
</PRPTBOX>
</PROMPTSET>
</node>
<node content="1" id="PCK.ITPA_SHARED.PRV.PROMPTSET.OVERWRITE_AGENT" name="PCK.ITPA_SHARED.PRV.PROMPTSET.OVERWRITE_AGENT" parent="PPRPTS" type="PPROMPTSET">
<PROMPTSET name="PCK.ITPA_SHARED.PRV.PROMPTSET.OVERWRITE_AGENT">
<PRPTBOX promptset="PCK.ITPA_SHARED.PRV.PROMPTSET.OVERWRITE_AGENT">
<AGENTs.00 ReadFromTable="OPUD" altview="1" haslist="0" msginsert="" msgnr="" promptname="AGENT#" promptsetname="PCK.ITPA_SHARED.PRV.PROMPTSET.OVERWRITE_AGENT">&amp;AGENT#</AGENTs.00>
<LOGINs.00 ReadFromTable="OPUD" altview="1" haslist="0" msginsert="" msgnr="" promptname="LOGIN#" promptsetname="PCK.ITPA_SHARED.PRV.PROMPTSET.OVERWRITE_AGENT">&amp;LOGIN#</LOGINs.00>
</PRPTBOX>
</PROMPTSET>
</node>
</dyntree>
</dynvalues>
<CIT/>
<calendars CCTypeAll="0" CCTypeExt="0" CCTypeNone="0" CCTypeOne="1" CaleOn="0"/>
<postconditions>
<PostCon>
<conditions id="CONDITIONS"/>
</PostCon>
</postconditions>
</task>
<task Alias="" BranchType="0" Col="3" Lnr="3" OType="&lt;END&gt;" Object="END" ParentAlias="" ParentObject="" Row="1" Text2="">
<checkpoint RollbackFlag="0" RunPerPatch="0" RunPerTarget="0" TcpADays="0" TcpATime="00:00" TcpATimeTZ="" TcpExecute="" TcpOn="0" promptatgen="0" showprompt="0"/>
<after ActFlg="1" AtimOn="0" ErlstStDays="0" ErlstStTime="00:00" ErlstStTimeTZ="" HoldFlg="0"/>
<when ChkWhenExec="0" LtstEnd="0" LtstEndDays="0" LtstEndTime="00:00" LtstSt="0" LtstStDays="0" LtstStTime="00:00" LtstTimeTZ="" WCTypeAND="1" WCTypeOR="0" WElseA="1" WElseH="0" WElseS="0" WElseX="0" WhenExecute="" WtimOn="0"/>
<preconditions>
<PreCon>
<conditions id="CONDITIONS"/>
</PreCon>
</preconditions>
<predecessors>
<pre BranchType="0" Lnr="1" PreLnr="2" When="ANY_OK" type="container"/>
</predecessors>
<runtime MrtCancel="0" MrtDays="0" MrtErt="0" MrtExecute="0" MrtExecuteObj="" MrtFix="0" MrtMethodDate="0" MrtMethodErt="0" MrtMethodFix="0" MrtMethodNone="1" MrtOn="1" MrtTZ="" MrtTime="00:00" SrtErt="0" SrtFix="0" SrtMethodErt="0" SrtMethodFix="0" SrtMethodNone="1"/>
<result ChkRExec="0" RElseHalt="0" RElseIgn="0" RElseJPAbend="0" RExecFlag="0" RExecute="" RRepMTimes="0" RRepOn="0" RRepWait="0" RWhen=""/>
<dynvalues>
<dyntree>
<node content="1" id="PCK.CUSTOM_MICROSOFT_EXCEL.PRV.PROMPTSET.GET_CELL_VALUES" name="PCK.CUSTOM_MICROSOFT_EXCEL.PRV.PROMPTSET.GET_CELL_VALUES" parent="PPRPTS" type="PPROMPTSET">
<PROMPTSET name="PCK.CUSTOM_MICROSOFT_EXCEL.PRV.PROMPTSET.GET_CELL_VALUES">
<PRPTBOX promptset="PCK.CUSTOM_MICROSOFT_EXCEL.PRV.PROMPTSET.GET_CELL_VALUES">
<CELLRANGEs.00 ReadFromTable="OPUD" altview="0" haslist="0" msginsert="" msgnr="" promptname="CELLRANGE#" promptsetname="PCK.CUSTOM_MICROSOFT_EXCEL.PRV.PROMPTSET.GET_CELL_VALUES"/>
<CULTUREs.00 ReadFromTable="OPUD" altview="0" haslist="0" msginsert="" msgnr="" promptname="CULTURE#" promptsetname="PCK.CUSTOM_MICROSOFT_EXCEL.PRV.PROMPTSET.GET_CELL_VALUES">en-US</CULTUREs.00>
<FILENAMEs.00 ReadFromTable="OPUD" altview="0" haslist="0" msginsert="" msgnr="" promptname="FILENAME#" promptsetname="PCK.CUSTOM_MICROSOFT_EXCEL.PRV.PROMPTSET.GET_CELL_VALUES"/>
<SHEETNAMEs.00 ReadFromTable="OPUD" altview="0" haslist="0" msginsert="" msgnr="" promptname="SHEETNAME#" promptsetname="PCK.CUSTOM_MICROSOFT_EXCEL.PRV.PROMPTSET.GET_CELL_VALUES"/>
</PRPTBOX>
</PROMPTSET>
</node>
<node content="1" id="PCK.ITPA_SHARED.PRV.PROMPTSET.OVERWRITE_AGENT" name="PCK.ITPA_SHARED.PRV.PROMPTSET.OVERWRITE_AGENT" parent="PPRPTS" type="PPROMPTSET">
<PROMPTSET name="PCK.ITPA_SHARED.PRV.PROMPTSET.OVERWRITE_AGENT">
<PRPTBOX promptset="PCK.ITPA_SHARED.PRV.PROMPTSET.OVERWRITE_AGENT">
<AGENTs.00 ReadFromTable="OPUD" altview="1" haslist="0" msginsert="" msgnr="" promptname="AGENT#" promptsetname="PCK.ITPA_SHARED.PRV.PROMPTSET.OVERWRITE_AGENT">&amp;AGENT#</AGENTs.00>
<LOGINs.00 ReadFromTable="OPUD" altview="1" haslist="0" msginsert="" msgnr="" promptname="LOGIN#" promptsetname="PCK.ITPA_SHARED.PRV.PROMPTSET.OVERWRITE_AGENT">&amp;LOGIN#</LOGINs.00>
</PRPTBOX>
</PROMPTSET>
</node>
</dyntree>
</dynvalues>
<CIT/>
<calendars CCTypeAll="0" CCTypeExt="0" CCTypeNone="0" CCTypeOne="1" CaleOn="0"/>
<postconditions>
<PostCon>
<conditions id="CONDITIONS"/>
</PostCon>
</postconditions>
</task>
<OPTIONS/>
</JobpStruct>
</JOBP>
<RUNTIME state="1">
<MaxRetCode>0</MaxRetCode>
<MrcExecute/>
<MrcElseE>0</MrcElseE>
<FcstStatus>0| |</FcstStatus>
<Ert>5</Ert>
<ErtMethodDef>1</ErtMethodDef>
<ErtMethodFix>0</ErtMethodFix>
<ErtFix>0</ErtFix>
<ErtDynMethod>2|Average</ErtDynMethod>
<ErtMethodDyn>0</ErtMethodDyn>
<ErtCnt>0</ErtCnt>
<ErtCorr>0</ErtCorr>
<ErtIgn>0</ErtIgn>
<ErtIgnFlg>0</ErtIgnFlg>
<ErtMinCnt>0</ErtMinCnt>
<MrtMethodNone>1</MrtMethodNone>
<MrtMethodFix>0</MrtMethodFix>
<MrtFix>0</MrtFix>
<MrtMethodErt>0</MrtMethodErt>
<MrtErt>0</MrtErt>
<MrtMethodDate>0</MrtMethodDate>
<MrtDays>0</MrtDays>
<MrtTime>00:00</MrtTime>
<MrtTZ/>
<SrtMethodNone>1</SrtMethodNone>
<SrtMethodFix>0</SrtMethodFix>
<SrtFix>0</SrtFix>
<SrtMethodErt>0</SrtMethodErt>
<SrtErt>0</SrtErt>
<MrtCancel>0</MrtCancel>
<MrtExecute>0</MrtExecute>
<MrtExecuteObj/>
</RUNTIME>
<DYNVALUES state="1">
<dyntree>
<node content="1" id="VALUE" name="Variables" parent="" type="VALUE">
<VALUE state="1">
<Values/>
<Mode>0</Mode>
</VALUE>
</node>
<node content="1" id="PCK.CUSTOM_MICROSOFT_EXCEL.PRV.PROMPTSET.GET_CELL_VALUES" name="PCK.CUSTOM_MICROSOFT_EXCEL.PRV.PROMPTSET.GET_CELL_VALUES" parent="PRPTS" type="PROMPTSET">
<PROMPTSET name="PCK.CUSTOM_MICROSOFT_EXCEL.PRV.PROMPTSET.GET_CELL_VALUES" ontop="1">
<PRPTBOX promptset="PCK.CUSTOM_MICROSOFT_EXCEL.PRV.PROMPTSET.GET_CELL_VALUES" prptmode="1">
<FILENAMEs.00 altview="0" haslist="0"/>
<SHEETNAMEs.00 altview="0" haslist="0"/>
<CELLRANGEs.00 altview="0" haslist="0"/>
<CULTUREs.00 altview="0" haslist="0">en-US</CULTUREs.00>
</PRPTBOX>
</PROMPTSET>
</node>
<node content="1" id="PCK.ITPA_SHARED.PRV.PROMPTSET.OVERWRITE_AGENT" name="PCK.ITPA_SHARED.PRV.PROMPTSET.OVERWRITE_AGENT" parent="PRPTS" type="PROMPTSET">
<PROMPTSET name="PCK.ITPA_SHARED.PRV.PROMPTSET.OVERWRITE_AGENT" ontop="1">
<PRPTBOX promptset="PCK.ITPA_SHARED.PRV.PROMPTSET.OVERWRITE_AGENT" prptmode="1">
<AGENTs.00 altview="1" haslist="0">&amp;AGENT#</AGENTs.00>
<LOGINs.00 altview="1" haslist="0">&amp;LOGIN#</LOGINs.00>
</PRPTBOX>
</PROMPTSET>
</node>
</dyntree>
</DYNVALUES>
<DEPLOYMENT state="1">
<DeploymentFlag>0</DeploymentFlag>
<WFTypeA>1</WFTypeA>
<WFTypeC>0</WFTypeC>
<AppName/>
<WFName/>
<ComponentName/>
</DEPLOYMENT>
<ROLLBACK state="1">
<RollbackFlag>0</RollbackFlag>
<CBackupObj/>
<CRollbackObj/>
<FBackupPath/>
<FDeleteBefore>0</FDeleteBefore>
<FInclSubDirs>0</FInclSubDirs>
</ROLLBACK>
<SCRIPT mode="1" state="1">
<MSCRI/>
</SCRIPT>
<DOCU_Docu state="1" type="text">
<DOC><![CDATA[Get Cell Values
---------------------
Retrieves values from Excel file.

Input
-------
File Name: enter full path to Excel file name
Sheet Name: enter the sheet name, eg Sheet1
Cell Range: enter cell range, eg A1 or A1:C5
Culture: local settings, default en-US

Output
---------
Cell values are returned in output when viewing Report.
Cell values are also stored in GET_CELL_VALUES.OUTPUT object (VARA), with a maximum of 5 columns.
]]></DOC>
</DOCU_Docu>
</JOBP>
<JOBS_UNIX AttrType="UNIX" name="PCK.CUSTOM_MICROSOFT_EXCEL.PRV.JOB.GET_CELL_VALUES@UNIX">
<XHEADER state="1">
<Title/>
<ArchiveKey1/>
<ArchiveKey2/>
<Active>1</Active>
<OH_SubType/>
<CustomAttributes KeyListID="0" dataRequestID="0"/>
</XHEADER>
<OUTPUTREG state="1">
<FileReg/>
</OUTPUTREG>
<SYNCREF state="1">
<Syncs/>
</SYNCREF>
<ATTR_JOBS state="1">
<Queue>CLIENT_QUEUE</Queue>
<StartType/>
<HostDst>|&lt;UNIX&gt;|HOST</HostDst>
<HostATTR_Type>UNIX</HostATTR_Type>
<CodeName/>
<Login/>
<IntAccount/>
<ExtRepDef>1</ExtRepDef>
<ExtRepAll>0</ExtRepAll>
<ExtRepNone>0</ExtRepNone>
<AutoDeactNo>1</AutoDeactNo>
<AutoDeact1ErrorFree>0</AutoDeact1ErrorFree>
<AutoDeactErrorFree>0</AutoDeactErrorFree>
<DeactWhen/>
<DeactDelay>0</DeactDelay>
<AutoDeactAlways>0</AutoDeactAlways>
<AttDialog>0</AttDialog>
<ActAtRun>1</ActAtRun>
<Consumption>0</Consumption>
<UC4Priority>0</UC4Priority>
<MaxParallel2>0</MaxParallel2>
<MpElse1>1</MpElse1>
<MpElse2>0</MpElse2>
<TZ/>
</ATTR_JOBS>
<ATTR_UNIX state="1">
<OutputDb>1</OutputDb>
<OutputDbErr>0</OutputDbErr>
<OutputFile>0</OutputFile>
<ShellScript>1</ShellScript>
<Command>0</Command>
<Priority>0</Priority>
<Shell/>
<ShellOptions/>
<Com/>
</ATTR_UNIX>
<RUNTIME state="1">
<MaxRetCode>0</MaxRetCode>
<MrcExecute/>
<MrcElseE>0</MrcElseE>
<FcstStatus>0| |</FcstStatus>
<Ert>0</Ert>
<ErtMethodDef>1</ErtMethodDef>
<ErtMethodFix>0</ErtMethodFix>
<ErtFix>0</ErtFix>
<ErtDynMethod>2|Average</ErtDynMethod>
<ErtMethodDyn>0</ErtMethodDyn>
<ErtCnt>0</ErtCnt>
<ErtCorr>0</ErtCorr>
<ErtIgn>0</ErtIgn>
<ErtIgnFlg>0</ErtIgnFlg>
<ErtMinCnt>0</ErtMinCnt>
<MrtMethodNone>1</MrtMethodNone>
<MrtMethodFix>0</MrtMethodFix>
<MrtFix>0</MrtFix>
<MrtMethodErt>0</MrtMethodErt>
<MrtErt>0</MrtErt>
<MrtMethodDate>0</MrtMethodDate>
<MrtDays>0</MrtDays>
<MrtTime>00:00</MrtTime>
<MrtTZ/>
<SrtMethodNone>1</SrtMethodNone>
<SrtMethodFix>0</SrtMethodFix>
<SrtFix>0</SrtFix>
<SrtMethodErt>0</SrtMethodErt>
<SrtErt>0</SrtErt>
<MrtCancel>0</MrtCancel>
<MrtExecute>0</MrtExecute>
<MrtExecuteObj/>
</RUNTIME>
<DYNVALUES state="1">
<dyntree>
<node content="1" id="VALUE" name="Variables" parent="" type="VALUE">
<VALUE state="1">
<Values/>
<Mode>0</Mode>
</VALUE>
</node>
</dyntree>
</DYNVALUES>
<ROLLBACK state="1">
<RollbackFlag>0</RollbackFlag>
<CBackupObj/>
<CRollbackObj/>
<FBackupPath/>
<FDeleteBefore>0</FDeleteBefore>
<FInclSubDirs>0</FInclSubDirs>
</ROLLBACK>
<PRE_SCRIPT mode="1" replacementmode="1" state="1">
<PSCRI><![CDATA[:INCLUDE PCK.ITPA_SHARED.PRV.INCLUDE.PREPARE_JOB]]></PSCRI>
</PRE_SCRIPT>
<SCRIPT mode="1" state="1">
<MSCRI/>
</SCRIPT>
<OUTPUTSCAN state="1">
<Inherit>N</Inherit>
<filterobjects/>
<HostFsc/>
<LoginFsc/>
</OUTPUTSCAN>
<POST_SCRIPT mode="1" replacementmode="1" state="1">
<OSCRI/>
</POST_SCRIPT>
<DOCU_Docu state="1" type="text">
<DOC/>
</DOCU_Docu>
</JOBS_UNIX>
<JOBS_WINDOWS AttrType="WINDOWS" name="PCK.CUSTOM_MICROSOFT_EXCEL.PRV.JOB.GET_CELL_VALUES@WINDOWS">
<XHEADER state="1">
<Title/>
<ArchiveKey1/>
<ArchiveKey2/>
<Active>1</Active>
<OH_SubType/>
<CustomAttributes KeyListID="0" dataRequestID="0"/>
</XHEADER>
<OUTPUTREG state="1">
<FileReg/>
</OUTPUTREG>
<SYNCREF state="1">
<Syncs/>
</SYNCREF>
<ATTR_JOBS state="1">
<Queue>CLIENT_QUEUE</Queue>
<StartType/>
<HostDst>|&lt;WIN&gt;|HOST</HostDst>
<HostATTR_Type>WINDOWS</HostATTR_Type>
<CodeName/>
<Login/>
<IntAccount/>
<ExtRepDef>1</ExtRepDef>
<ExtRepAll>0</ExtRepAll>
<ExtRepNone>0</ExtRepNone>
<AutoDeactNo>1</AutoDeactNo>
<AutoDeact1ErrorFree>0</AutoDeact1ErrorFree>
<AutoDeactErrorFree>0</AutoDeactErrorFree>
<DeactWhen/>
<DeactDelay>0</DeactDelay>
<AutoDeactAlways>0</AutoDeactAlways>
<AttDialog>0</AttDialog>
<ActAtRun>1</ActAtRun>
<Consumption>0</Consumption>
<UC4Priority>0</UC4Priority>
<MaxParallel2>0</MaxParallel2>
<MpElse1>1</MpElse1>
<MpElse2>0</MpElse2>
<TZ/>
</ATTR_JOBS>
<ATTR_WINDOWS state="1">
<OutputDb>1</OutputDb>
<OutputDbErr>0</OutputDbErr>
<OutputFile>0</OutputFile>
<IsGenerated>0</IsGenerated>
<BAT>0</BAT>
<COM>0</COM>
<WinBatch>1</WinBatch>
<Standard>1</Standard>
<Minimized>0</Minimized>
<Maximized>0</Maximized>
<JObjDefault>1</JObjDefault>
<JObjYes>0</JObjYes>
<JObjNo>0</JObjNo>
<WorkingDirectory>c:\</WorkingDirectory>
<Command/>
<LogOn>0</LogOn>
<ShowJob>0</ShowJob>
</ATTR_WINDOWS>
<RUNTIME state="1">
<MaxRetCode>0</MaxRetCode>
<MrcExecute/>
<MrcElseE>0</MrcElseE>
<FcstStatus>0| |</FcstStatus>
<Ert>6</Ert>
<ErtMethodDef>1</ErtMethodDef>
<ErtMethodFix>0</ErtMethodFix>
<ErtFix>0</ErtFix>
<ErtDynMethod>2|Average</ErtDynMethod>
<ErtMethodDyn>0</ErtMethodDyn>
<ErtCnt>0</ErtCnt>
<ErtCorr>0</ErtCorr>
<ErtIgn>0</ErtIgn>
<ErtIgnFlg>0</ErtIgnFlg>
<ErtMinCnt>0</ErtMinCnt>
<MrtMethodNone>1</MrtMethodNone>
<MrtMethodFix>0</MrtMethodFix>
<MrtFix>0</MrtFix>
<MrtMethodErt>0</MrtMethodErt>
<MrtErt>0</MrtErt>
<MrtMethodDate>0</MrtMethodDate>
<MrtDays>0</MrtDays>
<MrtTime>00:00</MrtTime>
<MrtTZ/>
<SrtMethodNone>1</SrtMethodNone>
<SrtMethodFix>0</SrtMethodFix>
<SrtFix>0</SrtFix>
<SrtMethodErt>0</SrtMethodErt>
<SrtErt>0</SrtErt>
<MrtCancel>0</MrtCancel>
<MrtExecute>0</MrtExecute>
<MrtExecuteObj/>
</RUNTIME>
<DYNVALUES state="1">
<dyntree>
<node content="1" id="VALUE" name="Variables" parent="" type="VALUE">
<VALUE state="1">
<Values/>
<Mode>0</Mode>
</VALUE>
</node>
</dyntree>
</DYNVALUES>
<ROLLBACK state="1">
<RollbackFlag>0</RollbackFlag>
<CBackupObj/>
<CRollbackObj/>
<FBackupPath/>
<FDeleteBefore>0</FDeleteBefore>
<FInclSubDirs>0</FInclSubDirs>
</ROLLBACK>
<PRE_SCRIPT mode="1" replacementmode="1" state="1">
<PSCRI><![CDATA[:INCLUDE PCK.ITPA_SHARED.PRV.INCLUDE.PREPARE_JOB]]></PSCRI>
</PRE_SCRIPT>
<SCRIPT mode="1" state="1">
<MSCRI><![CDATA[#param ([string]$FileName, [string]$SheetName, [string]$CellRange, [string]$Culture)


$FileName = "&FILENAME#"
$SheetName = "&SHEETNAME#"
$CellRange = "&CELLRANGE#"
$Culture = "&CULTURE#"


$DelimCol = ";"
$DelimRow = "`n"


function Use-Culture {
  param(
	[System.Globalization.CultureInfo]
	[Parameter(Mandatory=$true)]
	$culture,
	[ScriptBlock]
	[Parameter(Mandatory=$true)]
  $code
  )

  trap {
	[System.Threading.Thread]::CurrentThread.CurrentCulture = $currentCulture
  }

  $currentCulture = [System.Threading.Thread]::CurrentThread.CurrentCulture
  [System.Threading.Thread]::CurrentThread.CurrentCulture = $culture
  Invoke-Command $code
  [System.Threading.Thread]::CurrentThread.CurrentCulture = $currentCulture
}

$code = {
try {
  $objExcel = New-Object -comobject Excel.Application
}
Catch {
  $error[0].Exception
Write-Host "Cannot find Microsoft Excel"
[Environment]::Exit(1)
  Return
}

try {
  $objWorkbook = $objExcel.Workbooks.Open("$FileName")
}
Catch {
  $error[0].Exception
[Environment]::Exit(1)
  Return
}

try {
  $objWorksheet = $objWorkbook.Worksheets.item($SheetName)
}
Catch {
  $error[0].Exception
Write-Host "Cannot find " $SheetName

$objExcel.Quit()
$Null = & {
  [System.Runtime.Interopservices.Marshal]::FinalReleaseComObject($objWorkbook)
  [System.Runtime.Interopservices.Marshal]::FinalReleaseComObject($objExcel)
}
[GC]::Collect()

[Environment]::Exit(1)
  Return
}

try {
  $objWorksheet.activate()
}
Catch {
  $error[0].Exception
Write-Host "Cannot activate " $SheetName

$objExcel.Quit()
$Null = & {
  [System.Runtime.Interopservices.Marshal]::FinalReleaseComObject($objWorkbook)
  [System.Runtime.Interopservices.Marshal]::FinalReleaseComObject($objExcel)
}
[GC]::Collect()

[Environment]::Exit(1)
  Return
}

  if ($CellRange -like "*:*")
  {
  $myArray = $objExcel.ActiveSheet.Range($CellRange).Value()

  foreach ($row in 1..($myArray.GetUpperBound(0)))
  {

  foreach ($column in 1..($myArray.GetUpperBound(1)))
  {

  $output += [System.Convert]::ToString(($myArray[$row,$column]))+$DelimCol
}

$output = $output.substring($output.length - $output.length,$output.length-1)
$output+=$DelimRow
}

Write-Host $output.substring($output.length - $output.length,$output.length-1)

}

Else
{
  $myArray = $objExcel.ActiveSheet.Range($CellRange,$CellRange).Value()
  Write-Host $myArray
}

$objExcel.Quit()
$Null = & {
  [System.Runtime.Interopservices.Marshal]::FinalReleaseComObject($objWorksheet)
  [System.Runtime.Interopservices.Marshal]::FinalReleaseComObject($objWorkbook)
  [System.Runtime.Interopservices.Marshal]::FinalReleaseComObject($objExcel)
}
[GC]::Collect()

}

Use-Culture $culture $code

#[Environment]::Exit(0)]]></MSCRI>
</SCRIPT>
<OUTPUTSCAN state="1">
<Inherit>N</Inherit>
<filterobjects/>
<HostFsc/>
<LoginFsc/>
</OUTPUTSCAN>
<POST_SCRIPT mode="1" replacementmode="1" state="1">
<OSCRI><![CDATA[:SET &HND# = PREP_PROCESS_REPORT("JOBS",, "REP", "*",'COL=DELIMITER,DELIMITER=@;@')
:SET &IDX# = 0
:PROCESS &HND#
:   SET &IDX# = &IDX# + 1
:   SET &RET1# = GET_PROCESS_LINE(&HND#,1)
:      SET &RET2# = GET_PROCESS_LINE(&HND#,2)
:         SET &RET3# = GET_PROCESS_LINE(&HND#,3)
:            SET &RET4# = GET_PROCESS_LINE(&HND#,4)
:                SET &RET5# = GET_PROCESS_LINE(&HND#,5)
: PUT_VAR "GET_CELL_VALUES.OUTPUT", "&IDX#", &RET1#, &RET2#, &RET3#, &RET4#, &RET5#,,
:ENDPROCESS
]]></OSCRI>
</POST_SCRIPT>
<DOCU_Docu state="1" type="text">
<DOC/>
</DOCU_Docu>
</JOBS_WINDOWS>
<PRPT name="PCK.CUSTOM_MICROSOFT_EXCEL.PRV.PROMPTSET.GET_CELL_VALUES">
<HEADER state="1">
<Title/>
<ArchiveKey1/>
<ArchiveKey2/>
<OH_SubType/>
</HEADER>
<PROMPTDESIGNER state="1">
<DESIGNER/>
</PROMPTDESIGNER>
<PROMPTSETXUI state="1">
<XUIEDITOR><![CDATA[<dialog height="424" icon="PRPT" id="PRPTS" left="279" top="4" width="441"><readpanel fill="b" id="PRPTBOX" nl="1" scroll="v" text="Promptset"><properties><entry name="text">Promptset</entry><entry name="modifiable">0</entry></properties><text alt="1" enabled="1" fill="b" focus="0" id="FILENAMEs.00" inputassistance="0" len="" multiline="0" multilineIcon="0" nl="1" regex="" required="0" separator="" showaspassword="0" text="File Name" tooltip="" upper="0"><oninputassistant><command request="_internal" target="_view" targetaction="setAttribute" targetparam="promptname|@id"/><command request="_internal" target="_view" targetaction="setAttribute" targetparam="promptvalue|@value"/><command owner="_promptsetcontainer" owneraction="getData" request="getpromptinputassistance" target="_chainwindow"/></oninputassistant><properties><entry listparam="C" name="reference" reftype="STATIC">UC_DATATYPE_STRING</entry><entry name="text">File Name</entry><entry name="multiselect">0</entry><entry name="separator"/><entry name="len"/><entry name="quotes"/><entry name="id">FILENAMEs.00</entry><entry name="inputassistance">0</entry><entry name="enabled">0</entry><entry name="upper">0</entry><entry name="focus">0</entry><entry name="showaspassword">0</entry><entry name="tooltip"/><entry name="customfield"/><entry name="xmlkey"/><entry name="xmlpath"/><entry name="modifiable">1</entry><entry name="multiline">0</entry><entry name="multilineIcon">0</entry><entry name="regex"/><entry name="required">0</entry><entry name="initvalue"/><entry name="onchangereset"/><entry name="resetable">1</entry></properties></text><text alt="1" enabled="1" fill="b" focus="0" id="SHEETNAMEs.00" inputassistance="0" len="" multiline="0" multilineIcon="0" nl="1" regex="" required="0" separator="" showaspassword="0" text="Sheet Name" tooltip="" upper="0"><oninputassistant><command request="_internal" target="_view" targetaction="setAttribute" targetparam="promptname|@id"/><command request="_internal" target="_view" targetaction="setAttribute" targetparam="promptvalue|@value"/><command owner="_promptsetcontainer" owneraction="getData" request="getpromptinputassistance" target="_chainwindow"/></oninputassistant><properties><entry listparam="C" name="reference" reftype="STATIC">UC_DATATYPE_STRING</entry><entry name="text">Sheet Name</entry><entry name="multiselect">0</entry><entry name="separator"/><entry name="len"/><entry name="quotes"/><entry name="id">SHEETNAMEs.00</entry><entry name="inputassistance">0</entry><entry name="enabled">0</entry><entry name="upper">0</entry><entry name="focus">0</entry><entry name="showaspassword">0</entry><entry name="tooltip"/><entry name="customfield"/><entry name="xmlkey"/><entry name="xmlpath"/><entry name="modifiable">1</entry><entry name="multiline">0</entry><entry name="multilineIcon">0</entry><entry name="regex"/><entry name="required">0</entry><entry name="initvalue"/><entry name="onchangereset"/><entry name="resetable">1</entry></properties></text><text alt="1" enabled="1" fill="b" focus="0" id="CELLRANGEs.00" inputassistance="0" len="" multiline="0" multilineIcon="0" nl="1" regex="" required="0" separator="" showaspassword="0" text="Cell Range" tooltip="" upper="0"><oninputassistant><command request="_internal" target="_view" targetaction="setAttribute" targetparam="promptname|@id"/><command request="_internal" target="_view" targetaction="setAttribute" targetparam="promptvalue|@value"/><command owner="_promptsetcontainer" owneraction="getData" request="getpromptinputassistance" target="_chainwindow"/></oninputassistant><properties><entry listparam="C" name="reference" reftype="STATIC">UC_DATATYPE_STRING</entry><entry name="text">Cell Range</entry><entry name="multiselect">0</entry><entry name="separator"/><entry name="len"/><entry name="quotes"/><entry name="id">CELLRANGEs.00</entry><entry name="inputassistance">0</entry><entry name="enabled">0</entry><entry name="upper">0</entry><entry name="focus">0</entry><entry name="showaspassword">0</entry><entry name="tooltip"/><entry name="customfield"/><entry name="xmlkey"/><entry name="xmlpath"/><entry name="modifiable">1</entry><entry name="multiline">0</entry><entry name="multilineIcon">0</entry><entry name="regex"/><entry name="required">0</entry><entry name="initvalue"/><entry name="onchangereset"/><entry name="resetable">1</entry></properties></text><text alt="1" enabled="1" fill="b" focus="0" id="CULTUREs.00" inputassistance="0" len="" multiline="0" multilineIcon="0" nl="1" regex="" required="0" separator="" showaspassword="0" text="Culture" tooltip="" upper="0"><oninputassistant><command request="_internal" target="_view" targetaction="setAttribute" targetparam="promptname|@id"/><command request="_internal" target="_view" targetaction="setAttribute" targetparam="promptvalue|@value"/><command owner="_promptsetcontainer" owneraction="getData" request="getpromptinputassistance" target="_chainwindow"/></oninputassistant><properties><entry listparam="C" name="reference" reftype="STATIC">UC_DATATYPE_STRING</entry><entry name="text">Culture</entry><entry name="multiselect">0</entry><entry name="separator"/><entry name="len"/><entry name="quotes"/><entry name="id">CULTUREs.00</entry><entry name="inputassistance">0</entry><entry name="enabled">0</entry><entry name="upper">0</entry><entry name="focus">0</entry><entry name="showaspassword">0</entry><entry name="tooltip"/><entry name="customfield"/><entry name="xmlkey"/><entry name="xmlpath"/><entry name="modifiable">1</entry><entry name="multiline">0</entry><entry name="multilineIcon">0</entry><entry name="regex"/><entry name="required">0</entry><entry name="initvalue"/><entry name="onchangereset"/><entry name="resetable">1</entry></properties></text></readpanel></dialog>]]></XUIEDITOR>
</PROMPTSETXUI>
<PROMPTSETDATA state="1">
<DATAEDITOR><![CDATA[<PRPTS ontop="1"><PRPTBOX><FILENAMEs.00 haslist="0" msgnr="-1" msginsert="" altview="0" promptname="FILENAME#" ReadFromTable="OPSE"></FILENAMEs.00><SHEETNAMEs.00 haslist="0" msgnr="-1" msginsert="" altview="0" promptname="SHEETNAME#" ReadFromTable="OPSE"></SHEETNAMEs.00><CELLRANGEs.00 haslist="0" msgnr="-1" msginsert="" altview="0" promptname="CELLRANGE#" ReadFromTable="OPSE"></CELLRANGEs.00><CULTUREs.00 haslist="0" msgnr="-1" msginsert="" altview="0" promptname="CULTURE#" ReadFromTable="OPSE">en-US</CULTUREs.00></PRPTBOX></PRPTS>]]></DATAEDITOR>
</PROMPTSETDATA>
<DOCU_Docu state="1" type="text">
<DOC/>
</DOCU_Docu>
</PRPT>
<VARA OVD_VRName="FREI" data_type="STATIC" name="GET_CELL_VALUES.OUTPUT" replacementmode="2">
<HEADER state="1">
<Title/>
<ArchiveKey1/>
<ArchiveKey2/>
<OH_SubType>STATIC</OH_SubType>
</HEADER>
<ATTR_VARA state="1">
<Type>C|Text</Type>
<lblSource>Static</lblSource>
<source>STATIC</source>
<VRName>FREI|Freely selected</VRName>
<NotFoundErr>0</NotFoundErr>
<NotFoundDef>1</NotFoundDef>
<ShareN>0</ShareN>
<ShareL>0</ShareL>
<ShareR>0</ShareR>
<MaxValue_C>1024</MaxValue_C>
<CheckMax_C>0</CheckMax_C>
<uppercase>0</uppercase>
<sortColumn>0</sortColumn>
<sortDirection>0</sortDirection>
</ATTR_VARA>
<VARA state="1">
<Variables>
<row Name="0000000000000001" Value="One" Value1="Two" Value2="Three" Value3=" " Value4=" "/>
<row Name="0000000000000002" Value="1" Value1="2" Value2="3" Value3=" " Value4=" "/>
<row Name="0000000000000003" Value="A" Value1="B" Value2="C" Value3=" " Value4=" "/>
</Variables>
</VARA>
<DOCU_Docu state="1" type="text">
<DOC/>
</DOCU_Docu>
</VARA>
<JOBP AllowExternal="1" name="PCK.CUSTOM_MICROSOFT_EXCEL.PUB.ACTION.UPDATE_CELL_VALUE">
<XHEADER state="1">
<Title>Update Cell Value</Title>
<ArchiveKey1/>
<ArchiveKey2/>
<Active>1</Active>
<OH_SubType/>
<CustomAttributes KeyListID="0" dataRequestID="0"/>
</XHEADER>
<SYNCREF state="1">
<Syncs/>
</SYNCREF>
<ATTR_JOBP state="1">
<Queue>CLIENT_QUEUE</Queue>
<ChildQueue/>
<StartType/>
<ExtRepDef>1</ExtRepDef>
<ExtRepAll>0</ExtRepAll>
<ExtRepNone>0</ExtRepNone>
<IntAccount/>
<AutoDeactNo>0</AutoDeactNo>
<AutoDeact1ErrorFree>0</AutoDeact1ErrorFree>
<AutoDeactErrorFree>1</AutoDeactErrorFree>
<DeactWhen>ANY_OK</DeactWhen>
<AutoDeactAlways>0</AutoDeactAlways>
<DeactDelay>0</DeactDelay>
<ActAtRun>1</ActAtRun>
<UC4Priority>0</UC4Priority>
<MaxParallel2>0</MaxParallel2>
<ReuseHG>1</ReuseHG>
<MpElse1>1</MpElse1>
<MpElse2>0</MpElse2>
<TZ/>
<RWhen/>
<RExecute/>
<JPA_SubType/>
</ATTR_JOBP>
<JOBP state="1">
<JobpStruct mode="design">
<task Alias="" BranchType="0" Col="1" Lnr="1" OType="&lt;START&gt;" Object="START" ParentAlias="" ParentObject="" Row="1" Text2="">
<checkpoint RollbackFlag="0" RunPerPatch="0" RunPerTarget="0" TcpADays="0" TcpATime="00:00" TcpATimeTZ="" TcpExecute="" TcpOn="0" promptatgen="0" showprompt="0"/>
<after ActFlg="1" AtimOn="0" ErlstStDays="0" ErlstStTime="00:00" ErlstStTimeTZ="" HoldFlg="0"/>
<when ChkWhenExec="0" LtstEnd="0" LtstEndDays="0" LtstEndTime="00:00" LtstSt="0" LtstStDays="0" LtstStTime="00:00" LtstTimeTZ="" WCTypeAND="1" WCTypeOR="0" WElseA="0" WElseH="0" WElseS="1" WElseX="0" WhenExecute="" WtimOn="0"/>
<preconditions>
<PreCon>
<conditions id="CONDITIONS"/>
</PreCon>
</preconditions>
<predecessors/>
<runtime MrtCancel="0" MrtDays="0" MrtErt="0" MrtExecute="0" MrtExecuteObj="" MrtFix="0" MrtMethodDate="0" MrtMethodErt="0" MrtMethodFix="0" MrtMethodNone="1" MrtOn="1" MrtTZ="" MrtTime="00:00" SrtErt="0" SrtFix="0" SrtMethodErt="0" SrtMethodFix="0" SrtMethodNone="1"/>
<result ChkRExec="0" RElseHalt="0" RElseIgn="0" RElseJPAbend="0" RExecFlag="0" RExecute="" RRepMTimes="0" RRepOn="0" RRepWait="0" RWhen=""/>
<dynvalues>
<dyntree>
<node content="1" id="PCK.CUSTOM_MICROSOFT_EXCEL.PRV.PROMPTSET.UPDATE_CELL_VALUE" name="PCK.CUSTOM_MICROSOFT_EXCEL.PRV.PROMPTSET.UPDATE_CELL_VALUE" parent="PPRPTS" type="PPROMPTSET">
<PROMPTSET name="PCK.CUSTOM_MICROSOFT_EXCEL.PRV.PROMPTSET.UPDATE_CELL_VALUE">
<PRPTBOX promptset="PCK.CUSTOM_MICROSOFT_EXCEL.PRV.PROMPTSET.UPDATE_CELL_VALUE">
<CELLRANGEs.00 ReadFromTable="OPUD" altview="0" haslist="0" msginsert="" msgnr="" promptname="CELLRANGE#" promptsetname="PCK.CUSTOM_MICROSOFT_EXCEL.PRV.PROMPTSET.UPDATE_CELL_VALUE"/>
<CELLVALUEs.00 ReadFromTable="OPUD" altview="0" haslist="0" msginsert="" msgnr="" promptname="CELLVALUE#" promptsetname="PCK.CUSTOM_MICROSOFT_EXCEL.PRV.PROMPTSET.UPDATE_CELL_VALUE"/>
<CULTUREs.00 ReadFromTable="OPUD" altview="0" haslist="0" msginsert="" msgnr="" promptname="CULTURE#" promptsetname="PCK.CUSTOM_MICROSOFT_EXCEL.PRV.PROMPTSET.UPDATE_CELL_VALUE">en-US</CULTUREs.00>
<FILENAMEs.00 ReadFromTable="OPUD" altview="0" haslist="0" msginsert="" msgnr="" promptname="FILENAME#" promptsetname="PCK.CUSTOM_MICROSOFT_EXCEL.PRV.PROMPTSET.UPDATE_CELL_VALUE"/>
<SHEETNAMEs.00 ReadFromTable="OPUD" altview="0" haslist="0" msginsert="" msgnr="" promptname="SHEETNAME#" promptsetname="PCK.CUSTOM_MICROSOFT_EXCEL.PRV.PROMPTSET.UPDATE_CELL_VALUE"/>
</PRPTBOX>
</PROMPTSET>
</node>
<node content="1" id="PCK.ITPA_SHARED.PRV.PROMPTSET.OVERWRITE_AGENT" name="PCK.ITPA_SHARED.PRV.PROMPTSET.OVERWRITE_AGENT" parent="PPRPTS" type="PPROMPTSET">
<PROMPTSET name="PCK.ITPA_SHARED.PRV.PROMPTSET.OVERWRITE_AGENT">
<PRPTBOX promptset="PCK.ITPA_SHARED.PRV.PROMPTSET.OVERWRITE_AGENT">
<AGENTs.00 ReadFromTable="OPUD" altview="1" haslist="0" msginsert="" msgnr="" promptname="AGENT#" promptsetname="PCK.ITPA_SHARED.PRV.PROMPTSET.OVERWRITE_AGENT">&amp;AGENT#</AGENTs.00>
<LOGINs.00 ReadFromTable="OPUD" altview="1" haslist="0" msginsert="" msgnr="" promptname="LOGIN#" promptsetname="PCK.ITPA_SHARED.PRV.PROMPTSET.OVERWRITE_AGENT">&amp;LOGIN#</LOGINs.00>
</PRPTBOX>
</PROMPTSET>
</node>
</dyntree>
</dynvalues>
<CIT/>
<calendars CCTypeAll="0" CCTypeExt="0" CCTypeNone="0" CCTypeOne="1" CaleOn="0"/>
<postconditions>
<PostCon>
<conditions id="CONDITIONS"/>
</PostCon>
</postconditions>
</task>
<task Alias="" BranchType="0" Col="2" Lnr="2" OType="JOBS" Object="PCK.CUSTOM_MICROSOFT_EXCEL.PRV.JOB.UPDATE_CELL_VALUE@WINDOWS" ParentAlias="" ParentObject="" Row="1" Text2="">
<checkpoint RollbackFlag="0" RunPerPatch="0" RunPerTarget="0" TcpADays="0" TcpATime="00:00" TcpATimeTZ="" TcpExecute="" TcpOn="0" promptatgen="0" showprompt="0"/>
<after ActFlg="1" AtimOn="0" ErlstStDays="0" ErlstStTime="00:00" ErlstStTimeTZ="" HoldFlg="0"/>
<when ChkWhenExec="0" LtstEnd="0" LtstEndDays="0" LtstEndTime="00:00" LtstSt="0" LtstStDays="0" LtstStTime="00:00" LtstTimeTZ="" WCTypeAND="1" WCTypeOR="0" WElseA="1" WElseH="0" WElseS="0" WElseX="0" WhenExecute="" WtimOn="0"/>
<preconditions>
<PreCon>
<conditions id="CONDITIONS"/>
</PreCon>
</preconditions>
<predecessors>
<pre BranchType="0" Lnr="1" PreLnr="1" When="ANY_OK" type="container"/>
</predecessors>
<runtime MrtCancel="0" MrtDays="0" MrtErt="0" MrtExecute="0" MrtExecuteObj="" MrtFix="0" MrtMethodDate="0" MrtMethodErt="0" MrtMethodFix="0" MrtMethodNone="1" MrtOn="1" MrtTZ="" MrtTime="00:00" SrtErt="0" SrtFix="0" SrtMethodErt="0" SrtMethodFix="0" SrtMethodNone="1"/>
<result ChkRExec="0" RElseHalt="0" RElseIgn="0" RElseJPAbend="0" RExecFlag="0" RExecute="" RRepMTimes="0" RRepOn="0" RRepWait="0" RWhen=""/>
<dynvalues>
<dyntree>
<node content="1" id="VALUE" name="Variables" parent="" type="TASKVALUE">
<VALUE state="2">
<Values/>
<Mode>0</Mode>
</VALUE>
</node>
<node content="1" id="PVALUE" name="Parent Variables" parent="" type="TASKVALUE">
<VALUE state="2">
<Values/>
<Mode>0</Mode>
</VALUE>
</node>
<node content="1" id="PRPTS" name="PromptSets" parent="" pref="1" type="PROMPTSET"/>
<node content="0" id="PPRPTS" name="Parent PromptSets" parent="" type="PPROMPTSET"/>
<node content="1" id="PCK.CUSTOM_MICROSOFT_EXCEL.PRV.PROMPTSET.UPDATE_CELL_VALUE" name="PCK.CUSTOM_MICROSOFT_EXCEL.PRV.PROMPTSET.UPDATE_CELL_VALUE" parent="PPRPTS" type="PPROMPTSET">
<PROMPTSET name="PCK.CUSTOM_MICROSOFT_EXCEL.PRV.PROMPTSET.UPDATE_CELL_VALUE">
<PRPTBOX promptset="PCK.CUSTOM_MICROSOFT_EXCEL.PRV.PROMPTSET.UPDATE_CELL_VALUE">
<CELLRANGEs.00 ReadFromTable="OPUD" altview="0" haslist="0" msginsert="" msgnr="" promptname="CELLRANGE#" promptsetname="PCK.CUSTOM_MICROSOFT_EXCEL.PRV.PROMPTSET.UPDATE_CELL_VALUE"/>
<CELLVALUEs.00 ReadFromTable="OPUD" altview="0" haslist="0" msginsert="" msgnr="" promptname="CELLVALUE#" promptsetname="PCK.CUSTOM_MICROSOFT_EXCEL.PRV.PROMPTSET.UPDATE_CELL_VALUE"/>
<CULTUREs.00 ReadFromTable="OPUD" altview="0" haslist="0" msginsert="" msgnr="" promptname="CULTURE#" promptsetname="PCK.CUSTOM_MICROSOFT_EXCEL.PRV.PROMPTSET.UPDATE_CELL_VALUE">en-US</CULTUREs.00>
<FILENAMEs.00 ReadFromTable="OPUD" altview="0" haslist="0" msginsert="" msgnr="" promptname="FILENAME#" promptsetname="PCK.CUSTOM_MICROSOFT_EXCEL.PRV.PROMPTSET.UPDATE_CELL_VALUE"/>
<SHEETNAMEs.00 ReadFromTable="OPUD" altview="0" haslist="0" msginsert="" msgnr="" promptname="SHEETNAME#" promptsetname="PCK.CUSTOM_MICROSOFT_EXCEL.PRV.PROMPTSET.UPDATE_CELL_VALUE"/>
</PRPTBOX>
</PROMPTSET>
</node>
<node content="1" id="PCK.ITPA_SHARED.PRV.PROMPTSET.OVERWRITE_AGENT" name="PCK.ITPA_SHARED.PRV.PROMPTSET.OVERWRITE_AGENT" parent="PPRPTS" type="PPROMPTSET">
<PROMPTSET name="PCK.ITPA_SHARED.PRV.PROMPTSET.OVERWRITE_AGENT">
<PRPTBOX promptset="PCK.ITPA_SHARED.PRV.PROMPTSET.OVERWRITE_AGENT">
<AGENTs.00 ReadFromTable="OPUD" altview="1" haslist="0" msginsert="" msgnr="" promptname="AGENT#" promptsetname="PCK.ITPA_SHARED.PRV.PROMPTSET.OVERWRITE_AGENT">&amp;AGENT#</AGENTs.00>
<LOGINs.00 ReadFromTable="OPUD" altview="1" haslist="0" msginsert="" msgnr="" promptname="LOGIN#" promptsetname="PCK.ITPA_SHARED.PRV.PROMPTSET.OVERWRITE_AGENT">&amp;LOGIN#</LOGINs.00>
</PRPTBOX>
</PROMPTSET>
</node>
</dyntree>
</dynvalues>
<CIT/>
<calendars CCTypeAll="0" CCTypeExt="0" CCTypeNone="0" CCTypeOne="1" CaleOn="0"/>
<postconditions>
<PostCon>
<conditions id="CONDITIONS"/>
</PostCon>
</postconditions>
</task>
<task Alias="" BranchType="0" Col="3" Lnr="3" OType="&lt;END&gt;" Object="END" ParentAlias="" ParentObject="" Row="1" Text2="">
<checkpoint RollbackFlag="0" RunPerPatch="0" RunPerTarget="0" TcpADays="0" TcpATime="00:00" TcpATimeTZ="" TcpExecute="" TcpOn="0" promptatgen="0" showprompt="0"/>
<after ActFlg="1" AtimOn="0" ErlstStDays="0" ErlstStTime="00:00" ErlstStTimeTZ="" HoldFlg="0"/>
<when ChkWhenExec="0" LtstEnd="0" LtstEndDays="0" LtstEndTime="00:00" LtstSt="0" LtstStDays="0" LtstStTime="00:00" LtstTimeTZ="" WCTypeAND="1" WCTypeOR="0" WElseA="1" WElseH="0" WElseS="0" WElseX="0" WhenExecute="" WtimOn="0"/>
<preconditions>
<PreCon>
<conditions id="CONDITIONS"/>
</PreCon>
</preconditions>
<predecessors>
<pre BranchType="0" Lnr="1" PreLnr="2" When="ANY_OK" type="container"/>
</predecessors>
<runtime MrtCancel="0" MrtDays="0" MrtErt="0" MrtExecute="0" MrtExecuteObj="" MrtFix="0" MrtMethodDate="0" MrtMethodErt="0" MrtMethodFix="0" MrtMethodNone="1" MrtOn="1" MrtTZ="" MrtTime="00:00" SrtErt="0" SrtFix="0" SrtMethodErt="0" SrtMethodFix="0" SrtMethodNone="1"/>
<result ChkRExec="0" RElseHalt="0" RElseIgn="0" RElseJPAbend="0" RExecFlag="0" RExecute="" RRepMTimes="0" RRepOn="0" RRepWait="0" RWhen=""/>
<dynvalues>
<dyntree>
<node content="1" id="PCK.CUSTOM_MICROSOFT_EXCEL.PRV.PROMPTSET.UPDATE_CELL_VALUE" name="PCK.CUSTOM_MICROSOFT_EXCEL.PRV.PROMPTSET.UPDATE_CELL_VALUE" parent="PPRPTS" type="PPROMPTSET">
<PROMPTSET name="PCK.CUSTOM_MICROSOFT_EXCEL.PRV.PROMPTSET.UPDATE_CELL_VALUE">
<PRPTBOX promptset="PCK.CUSTOM_MICROSOFT_EXCEL.PRV.PROMPTSET.UPDATE_CELL_VALUE">
<CELLRANGEs.00 ReadFromTable="OPUD" altview="0" haslist="0" msginsert="" msgnr="" promptname="CELLRANGE#" promptsetname="PCK.CUSTOM_MICROSOFT_EXCEL.PRV.PROMPTSET.UPDATE_CELL_VALUE"/>
<CELLVALUEs.00 ReadFromTable="OPUD" altview="0" haslist="0" msginsert="" msgnr="" promptname="CELLVALUE#" promptsetname="PCK.CUSTOM_MICROSOFT_EXCEL.PRV.PROMPTSET.UPDATE_CELL_VALUE"/>
<CULTUREs.00 ReadFromTable="OPUD" altview="0" haslist="0" msginsert="" msgnr="" promptname="CULTURE#" promptsetname="PCK.CUSTOM_MICROSOFT_EXCEL.PRV.PROMPTSET.UPDATE_CELL_VALUE">en-US</CULTUREs.00>
<FILENAMEs.00 ReadFromTable="OPUD" altview="0" haslist="0" msginsert="" msgnr="" promptname="FILENAME#" promptsetname="PCK.CUSTOM_MICROSOFT_EXCEL.PRV.PROMPTSET.UPDATE_CELL_VALUE"/>
<SHEETNAMEs.00 ReadFromTable="OPUD" altview="0" haslist="0" msginsert="" msgnr="" promptname="SHEETNAME#" promptsetname="PCK.CUSTOM_MICROSOFT_EXCEL.PRV.PROMPTSET.UPDATE_CELL_VALUE"/>
</PRPTBOX>
</PROMPTSET>
</node>
<node content="1" id="PCK.ITPA_SHARED.PRV.PROMPTSET.OVERWRITE_AGENT" name="PCK.ITPA_SHARED.PRV.PROMPTSET.OVERWRITE_AGENT" parent="PPRPTS" type="PPROMPTSET">
<PROMPTSET name="PCK.ITPA_SHARED.PRV.PROMPTSET.OVERWRITE_AGENT">
<PRPTBOX promptset="PCK.ITPA_SHARED.PRV.PROMPTSET.OVERWRITE_AGENT">
<AGENTs.00 ReadFromTable="OPUD" altview="1" haslist="0" msginsert="" msgnr="" promptname="AGENT#" promptsetname="PCK.ITPA_SHARED.PRV.PROMPTSET.OVERWRITE_AGENT">&amp;AGENT#</AGENTs.00>
<LOGINs.00 ReadFromTable="OPUD" altview="1" haslist="0" msginsert="" msgnr="" promptname="LOGIN#" promptsetname="PCK.ITPA_SHARED.PRV.PROMPTSET.OVERWRITE_AGENT">&amp;LOGIN#</LOGINs.00>
</PRPTBOX>
</PROMPTSET>
</node>
</dyntree>
</dynvalues>
<CIT/>
<calendars CCTypeAll="0" CCTypeExt="0" CCTypeNone="0" CCTypeOne="1" CaleOn="0"/>
<postconditions>
<PostCon>
<conditions id="CONDITIONS"/>
</PostCon>
</postconditions>
</task>
<OPTIONS/>
</JobpStruct>
</JOBP>
<RUNTIME state="1">
<MaxRetCode>0</MaxRetCode>
<MrcExecute/>
<MrcElseE>0</MrcElseE>
<FcstStatus>0| |</FcstStatus>
<Ert>4</Ert>
<ErtMethodDef>1</ErtMethodDef>
<ErtMethodFix>0</ErtMethodFix>
<ErtFix>0</ErtFix>
<ErtDynMethod>2|Average</ErtDynMethod>
<ErtMethodDyn>0</ErtMethodDyn>
<ErtCnt>0</ErtCnt>
<ErtCorr>0</ErtCorr>
<ErtIgn>0</ErtIgn>
<ErtIgnFlg>0</ErtIgnFlg>
<ErtMinCnt>0</ErtMinCnt>
<MrtMethodNone>1</MrtMethodNone>
<MrtMethodFix>0</MrtMethodFix>
<MrtFix>0</MrtFix>
<MrtMethodErt>0</MrtMethodErt>
<MrtErt>0</MrtErt>
<MrtMethodDate>0</MrtMethodDate>
<MrtDays>0</MrtDays>
<MrtTime>00:00</MrtTime>
<MrtTZ/>
<SrtMethodNone>1</SrtMethodNone>
<SrtMethodFix>0</SrtMethodFix>
<SrtFix>0</SrtFix>
<SrtMethodErt>0</SrtMethodErt>
<SrtErt>0</SrtErt>
<MrtCancel>0</MrtCancel>
<MrtExecute>0</MrtExecute>
<MrtExecuteObj/>
</RUNTIME>
<DYNVALUES state="1">
<dyntree>
<node content="1" id="VALUE" name="Variables" parent="" type="VALUE">
<VALUE state="1">
<Values/>
<Mode>0</Mode>
</VALUE>
</node>
<node content="1" id="PCK.CUSTOM_MICROSOFT_EXCEL.PRV.PROMPTSET.UPDATE_CELL_VALUE" name="PCK.CUSTOM_MICROSOFT_EXCEL.PRV.PROMPTSET.UPDATE_CELL_VALUE" parent="PRPTS" type="PROMPTSET">
<PROMPTSET name="PCK.CUSTOM_MICROSOFT_EXCEL.PRV.PROMPTSET.UPDATE_CELL_VALUE" ontop="1">
<PRPTBOX promptset="PCK.CUSTOM_MICROSOFT_EXCEL.PRV.PROMPTSET.UPDATE_CELL_VALUE" prptmode="1">
<FILENAMEs.00 altview="0" haslist="0"/>
<SHEETNAMEs.00 altview="0" haslist="0"/>
<CELLRANGEs.00 altview="0" haslist="0"/>
<CULTUREs.00 altview="0" haslist="0">en-US</CULTUREs.00>
<CELLVALUEs.00 altview="0" haslist="0"/>
</PRPTBOX>
</PROMPTSET>
</node>
<node content="1" id="PCK.ITPA_SHARED.PRV.PROMPTSET.OVERWRITE_AGENT" name="PCK.ITPA_SHARED.PRV.PROMPTSET.OVERWRITE_AGENT" parent="PRPTS" type="PROMPTSET">
<PROMPTSET name="PCK.ITPA_SHARED.PRV.PROMPTSET.OVERWRITE_AGENT" ontop="1">
<PRPTBOX promptset="PCK.ITPA_SHARED.PRV.PROMPTSET.OVERWRITE_AGENT" prptmode="1">
<AGENTs.00 altview="1" haslist="0">&amp;AGENT#</AGENTs.00>
<LOGINs.00 altview="1" haslist="0">&amp;LOGIN#</LOGINs.00>
</PRPTBOX>
</PROMPTSET>
</node>
</dyntree>
</DYNVALUES>
<DEPLOYMENT state="1">
<DeploymentFlag>0</DeploymentFlag>
<WFTypeA>1</WFTypeA>
<WFTypeC>0</WFTypeC>
<AppName/>
<WFName/>
<ComponentName/>
</DEPLOYMENT>
<ROLLBACK state="1">
<RollbackFlag>0</RollbackFlag>
<CBackupObj/>
<CRollbackObj/>
<FBackupPath/>
<FDeleteBefore>0</FDeleteBefore>
<FInclSubDirs>0</FInclSubDirs>
</ROLLBACK>
<SCRIPT mode="1" state="1">
<MSCRI/>
</SCRIPT>
<DOCU_Docu state="1" type="text">
<DOC><![CDATA[Update Cell Value
------------------------
Sets value for given cell range in Excel file.

Input
-------
File Name: enter full path to Excel file name
Sheet Name: enter the sheet name, eg Sheet1
Cell Range: enter cell range, eg A1 or A1:C5
Culture: local settings, default en-US
New Cell Value: the value to update the Cell Range to

Output
---------
Confirmation message returned in output when viewing Report.]]></DOC>
</DOCU_Docu>
</JOBP>
<JOBS_UNIX AttrType="UNIX" name="PCK.CUSTOM_MICROSOFT_EXCEL.PRV.JOB.UPDATE_CELL_VALUE@UNIX">
<XHEADER state="1">
<Title/>
<ArchiveKey1/>
<ArchiveKey2/>
<Active>1</Active>
<OH_SubType/>
<CustomAttributes KeyListID="0" dataRequestID="0"/>
</XHEADER>
<OUTPUTREG state="1">
<FileReg/>
</OUTPUTREG>
<SYNCREF state="1">
<Syncs/>
</SYNCREF>
<ATTR_JOBS state="1">
<Queue>CLIENT_QUEUE</Queue>
<StartType/>
<HostDst>|&lt;UNIX&gt;|HOST</HostDst>
<HostATTR_Type>UNIX</HostATTR_Type>
<CodeName/>
<Login/>
<IntAccount/>
<ExtRepDef>1</ExtRepDef>
<ExtRepAll>0</ExtRepAll>
<ExtRepNone>0</ExtRepNone>
<AutoDeactNo>1</AutoDeactNo>
<AutoDeact1ErrorFree>0</AutoDeact1ErrorFree>
<AutoDeactErrorFree>0</AutoDeactErrorFree>
<DeactWhen/>
<DeactDelay>0</DeactDelay>
<AutoDeactAlways>0</AutoDeactAlways>
<AttDialog>0</AttDialog>
<ActAtRun>1</ActAtRun>
<Consumption>0</Consumption>
<UC4Priority>0</UC4Priority>
<MaxParallel2>0</MaxParallel2>
<MpElse1>1</MpElse1>
<MpElse2>0</MpElse2>
<TZ/>
</ATTR_JOBS>
<ATTR_UNIX state="1">
<OutputDb>1</OutputDb>
<OutputDbErr>0</OutputDbErr>
<OutputFile>0</OutputFile>
<ShellScript>1</ShellScript>
<Command>0</Command>
<Priority>0</Priority>
<Shell/>
<ShellOptions/>
<Com/>
</ATTR_UNIX>
<RUNTIME state="1">
<MaxRetCode>0</MaxRetCode>
<MrcExecute/>
<MrcElseE>0</MrcElseE>
<FcstStatus>0| |</FcstStatus>
<Ert>0</Ert>
<ErtMethodDef>1</ErtMethodDef>
<ErtMethodFix>0</ErtMethodFix>
<ErtFix>0</ErtFix>
<ErtDynMethod>2|Average</ErtDynMethod>
<ErtMethodDyn>0</ErtMethodDyn>
<ErtCnt>0</ErtCnt>
<ErtCorr>0</ErtCorr>
<ErtIgn>0</ErtIgn>
<ErtIgnFlg>0</ErtIgnFlg>
<ErtMinCnt>0</ErtMinCnt>
<MrtMethodNone>1</MrtMethodNone>
<MrtMethodFix>0</MrtMethodFix>
<MrtFix>0</MrtFix>
<MrtMethodErt>0</MrtMethodErt>
<MrtErt>0</MrtErt>
<MrtMethodDate>0</MrtMethodDate>
<MrtDays>0</MrtDays>
<MrtTime>00:00</MrtTime>
<MrtTZ/>
<SrtMethodNone>1</SrtMethodNone>
<SrtMethodFix>0</SrtMethodFix>
<SrtFix>0</SrtFix>
<SrtMethodErt>0</SrtMethodErt>
<SrtErt>0</SrtErt>
<MrtCancel>0</MrtCancel>
<MrtExecute>0</MrtExecute>
<MrtExecuteObj/>
</RUNTIME>
<DYNVALUES state="1">
<dyntree>
<node content="1" id="VALUE" name="Variables" parent="" type="VALUE">
<VALUE state="1">
<Values/>
<Mode>0</Mode>
</VALUE>
</node>
</dyntree>
</DYNVALUES>
<ROLLBACK state="1">
<RollbackFlag>0</RollbackFlag>
<CBackupObj/>
<CRollbackObj/>
<FBackupPath/>
<FDeleteBefore>0</FDeleteBefore>
<FInclSubDirs>0</FInclSubDirs>
</ROLLBACK>
<PRE_SCRIPT mode="1" replacementmode="1" state="1">
<PSCRI><![CDATA[:INCLUDE PCK.ITPA_SHARED.PRV.INCLUDE.PREPARE_JOB]]></PSCRI>
</PRE_SCRIPT>
<SCRIPT mode="1" state="1">
<MSCRI/>
</SCRIPT>
<OUTPUTSCAN state="1">
<Inherit>N</Inherit>
<filterobjects/>
<HostFsc/>
<LoginFsc/>
</OUTPUTSCAN>
<POST_SCRIPT mode="1" replacementmode="1" state="1">
<OSCRI/>
</POST_SCRIPT>
<DOCU_Docu state="1" type="text">
<DOC/>
</DOCU_Docu>
</JOBS_UNIX>
<JOBS_WINDOWS AttrType="WINDOWS" name="PCK.CUSTOM_MICROSOFT_EXCEL.PRV.JOB.UPDATE_CELL_VALUE@WINDOWS">
<XHEADER state="1">
<Title/>
<ArchiveKey1/>
<ArchiveKey2/>
<Active>1</Active>
<OH_SubType/>
<CustomAttributes KeyListID="0" dataRequestID="0"/>
</XHEADER>
<OUTPUTREG state="1">
<FileReg/>
</OUTPUTREG>
<SYNCREF state="1">
<Syncs/>
</SYNCREF>
<ATTR_JOBS state="1">
<Queue>CLIENT_QUEUE</Queue>
<StartType/>
<HostDst>|&lt;WIN&gt;|HOST</HostDst>
<HostATTR_Type>WINDOWS</HostATTR_Type>
<CodeName/>
<Login/>
<IntAccount/>
<ExtRepDef>1</ExtRepDef>
<ExtRepAll>0</ExtRepAll>
<ExtRepNone>0</ExtRepNone>
<AutoDeactNo>1</AutoDeactNo>
<AutoDeact1ErrorFree>0</AutoDeact1ErrorFree>
<AutoDeactErrorFree>0</AutoDeactErrorFree>
<DeactWhen/>
<DeactDelay>0</DeactDelay>
<AutoDeactAlways>0</AutoDeactAlways>
<AttDialog>0</AttDialog>
<ActAtRun>1</ActAtRun>
<Consumption>0</Consumption>
<UC4Priority>0</UC4Priority>
<MaxParallel2>0</MaxParallel2>
<MpElse1>1</MpElse1>
<MpElse2>0</MpElse2>
<TZ/>
</ATTR_JOBS>
<ATTR_WINDOWS state="1">
<OutputDb>1</OutputDb>
<OutputDbErr>0</OutputDbErr>
<OutputFile>0</OutputFile>
<IsGenerated>0</IsGenerated>
<BAT>0</BAT>
<COM>0</COM>
<WinBatch>1</WinBatch>
<Standard>1</Standard>
<Minimized>0</Minimized>
<Maximized>0</Maximized>
<JObjDefault>1</JObjDefault>
<JObjYes>0</JObjYes>
<JObjNo>0</JObjNo>
<WorkingDirectory>c:\</WorkingDirectory>
<Command/>
<LogOn>0</LogOn>
<ShowJob>0</ShowJob>
</ATTR_WINDOWS>
<RUNTIME state="1">
<MaxRetCode>0</MaxRetCode>
<MrcExecute/>
<MrcElseE>0</MrcElseE>
<FcstStatus>0| |</FcstStatus>
<Ert>3</Ert>
<ErtMethodDef>1</ErtMethodDef>
<ErtMethodFix>0</ErtMethodFix>
<ErtFix>0</ErtFix>
<ErtDynMethod>2|Average</ErtDynMethod>
<ErtMethodDyn>0</ErtMethodDyn>
<ErtCnt>0</ErtCnt>
<ErtCorr>0</ErtCorr>
<ErtIgn>0</ErtIgn>
<ErtIgnFlg>0</ErtIgnFlg>
<ErtMinCnt>0</ErtMinCnt>
<MrtMethodNone>1</MrtMethodNone>
<MrtMethodFix>0</MrtMethodFix>
<MrtFix>0</MrtFix>
<MrtMethodErt>0</MrtMethodErt>
<MrtErt>0</MrtErt>
<MrtMethodDate>0</MrtMethodDate>
<MrtDays>0</MrtDays>
<MrtTime>00:00</MrtTime>
<MrtTZ/>
<SrtMethodNone>1</SrtMethodNone>
<SrtMethodFix>0</SrtMethodFix>
<SrtFix>0</SrtFix>
<SrtMethodErt>0</SrtMethodErt>
<SrtErt>0</SrtErt>
<MrtCancel>0</MrtCancel>
<MrtExecute>0</MrtExecute>
<MrtExecuteObj/>
</RUNTIME>
<DYNVALUES state="1">
<dyntree>
<node content="1" id="VALUE" name="Variables" parent="" type="VALUE">
<VALUE state="1">
<Values/>
<Mode>0</Mode>
</VALUE>
</node>
</dyntree>
</DYNVALUES>
<ROLLBACK state="1">
<RollbackFlag>0</RollbackFlag>
<CBackupObj/>
<CRollbackObj/>
<FBackupPath/>
<FDeleteBefore>0</FDeleteBefore>
<FInclSubDirs>0</FInclSubDirs>
</ROLLBACK>
<PRE_SCRIPT mode="1" replacementmode="1" state="1">
<PSCRI><![CDATA[:INCLUDE PCK.ITPA_SHARED.PRV.INCLUDE.PREPARE_JOB]]></PSCRI>
</PRE_SCRIPT>
<SCRIPT mode="1" state="1">
<MSCRI><![CDATA[#param ([string]$FileName, [string]$SheetName, [string]$CellRange, [string]$CellValue, [string]$Culture)

$FileName = "&FILENAME#"
$SheetName = "&SHEETNAME#"
$CellRange = "&CELLRANGE#"
$Culture = "&CULTURE#"
$CellValue = "&CELLVALUE#"

function Use-Culture {
  param(
	[System.Globalization.CultureInfo]
	[Parameter(Mandatory=$true)]
	$culture,
	[ScriptBlock]
	[Parameter(Mandatory=$true)]
  $code
  )

  trap {
	[System.Threading.Thread]::CurrentThread.CurrentCulture = $currentCulture
  }

  $currentCulture = [System.Threading.Thread]::CurrentThread.CurrentCulture
  [System.Threading.Thread]::CurrentThread.CurrentCulture = $culture
  Invoke-Command $code
  [System.Threading.Thread]::CurrentThread.CurrentCulture = $currentCulture
}

$code = {
try {
  $objExcel = New-Object -comobject Excel.Application
}
Catch {
  $error[0].Exception
Write-Host "Cannot find Microsoft Excel"
[Environment]::Exit(1)
  Return
}

try {
  $objWorkbook = $objExcel.Workbooks.Open("$FileName")
}
Catch {
  $error[0].Exception
[Environment]::Exit(1)
  Return
}

try {
  $objWorksheet = $objWorkbook.Worksheets.item("$SheetName")
}
Catch {
  $error[0].Exception
Write-Host "Cannot find " $SheetName

$objExcel.Quit()
$Null = & {
  [System.Runtime.Interopservices.Marshal]::FinalReleaseComObject($objWorkbook)
  [System.Runtime.Interopservices.Marshal]::FinalReleaseComObject($objExcel)
}
[GC]::Collect()

[Environment]::Exit(1)
  Return
}

try {
  $objWorksheet.activate()
}
Catch {
  $error[0].Exception
Write-Host "Cannot activate " $SheetName

$objExcel.Quit()
$Null = & {
  [System.Runtime.Interopservices.Marshal]::FinalReleaseComObject($objWorkbook)
  [System.Runtime.Interopservices.Marshal]::FinalReleaseComObject($objExcel)
}
[GC]::Collect()

[Environment]::Exit(1)
  Return
}


  $objRange = $objWorkbook.activeSheet.Range($CellRange)

  $objRange.Value2 = $CellValue
  $objWorkbook.Save()

Write-Host "Successfully updated cell range" $CellRange "to value" $CellValue

  $objExcel.Quit()
  $Null = & {
  [System.Runtime.Interopservices.Marshal]::FinalReleaseComObject($objRange)
  [System.Runtime.Interopservices.Marshal]::FinalReleaseComObject($objWorksheet)
  [System.Runtime.Interopservices.Marshal]::FinalReleaseComObject($objWorkbook)
  [System.Runtime.Interopservices.Marshal]::FinalReleaseComObject($objExcel)
}
[GC]::Collect()
}

Use-Culture $culture $code

#[Environment]::Exit(0)]]></MSCRI>
</SCRIPT>
<OUTPUTSCAN state="1">
<Inherit>N</Inherit>
<filterobjects/>
<HostFsc/>
<LoginFsc/>
</OUTPUTSCAN>
<POST_SCRIPT mode="1" replacementmode="1" state="1">
<OSCRI><![CDATA[:SET &HND# = PREP_PROCESS_REPORT("JOBS",, "REP", "*",'COL=DELIMITER,DELIMITER=@;@')
:SET &IDX# = 0
:PROCESS &HND#
:   SET &IDX# = &IDX# + 1
:   SET &RET1# = GET_PROCESS_LINE(&HND#,1)
:      SET &RET2# = GET_PROCESS_LINE(&HND#,2)
:         SET &RET3# = GET_PROCESS_LINE(&HND#,3)
: PUT_VAR "VARA.OUTPUT", "&IDX#",&RET1#, &RET2#, &RET3#,,
:ENDPROCESS]]></OSCRI>
</POST_SCRIPT>
<DOCU_Docu state="1" type="text">
<DOC/>
</DOCU_Docu>
</JOBS_WINDOWS>
<PRPT name="PCK.CUSTOM_MICROSOFT_EXCEL.PRV.PROMPTSET.UPDATE_CELL_VALUE">
<HEADER state="1">
<Title/>
<ArchiveKey1/>
<ArchiveKey2/>
<OH_SubType/>
</HEADER>
<PROMPTDESIGNER state="1">
<DESIGNER/>
</PROMPTDESIGNER>
<PROMPTSETXUI state="1">
<XUIEDITOR><![CDATA[<dialog height="424" icon="PRPT" id="PRPTS" left="279" top="4" width="441"><readpanel fill="b" id="PRPTBOX" nl="1" scroll="v" text="Promptset"><properties><entry name="text">Promptset</entry><entry name="modifiable">0</entry></properties><text alt="1" enabled="1" fill="b" focus="0" id="FILENAMEs.00" inputassistance="0" len="" multiline="0" multilineIcon="0" nl="1" regex="" required="0" separator="" showaspassword="0" text="File Name" tooltip="" upper="0"><oninputassistant><command request="_internal" target="_view" targetaction="setAttribute" targetparam="promptname|@id"/><command request="_internal" target="_view" targetaction="setAttribute" targetparam="promptvalue|@value"/><command owner="_promptsetcontainer" owneraction="getData" request="getpromptinputassistance" target="_chainwindow"/></oninputassistant><properties><entry listparam="C" name="reference" reftype="STATIC">UC_DATATYPE_STRING</entry><entry name="text">File Name</entry><entry name="multiselect">0</entry><entry name="separator"/><entry name="len"/><entry name="quotes"/><entry name="id">FILENAMEs.00</entry><entry name="inputassistance">0</entry><entry name="enabled">0</entry><entry name="upper">0</entry><entry name="focus">0</entry><entry name="showaspassword">0</entry><entry name="tooltip"/><entry name="customfield"/><entry name="xmlkey"/><entry name="xmlpath"/><entry name="modifiable">1</entry><entry name="multiline">0</entry><entry name="multilineIcon">0</entry><entry name="regex"/><entry name="required">0</entry><entry name="initvalue"/><entry name="onchangereset"/><entry name="resetable">1</entry></properties></text><text alt="1" enabled="1" fill="b" focus="0" id="SHEETNAMEs.00" inputassistance="0" len="" multiline="0" multilineIcon="0" nl="1" regex="" required="0" separator="" showaspassword="0" text="Sheet Name" tooltip="" upper="0"><oninputassistant><command request="_internal" target="_view" targetaction="setAttribute" targetparam="promptname|@id"/><command request="_internal" target="_view" targetaction="setAttribute" targetparam="promptvalue|@value"/><command owner="_promptsetcontainer" owneraction="getData" request="getpromptinputassistance" target="_chainwindow"/></oninputassistant><properties><entry listparam="C" name="reference" reftype="STATIC">UC_DATATYPE_STRING</entry><entry name="text">Sheet Name</entry><entry name="multiselect">0</entry><entry name="separator"/><entry name="len"/><entry name="quotes"/><entry name="id">SHEETNAMEs.00</entry><entry name="inputassistance">0</entry><entry name="enabled">0</entry><entry name="upper">0</entry><entry name="focus">0</entry><entry name="showaspassword">0</entry><entry name="tooltip"/><entry name="customfield"/><entry name="xmlkey"/><entry name="xmlpath"/><entry name="modifiable">1</entry><entry name="multiline">0</entry><entry name="multilineIcon">0</entry><entry name="regex"/><entry name="required">0</entry><entry name="initvalue"/><entry name="onchangereset"/><entry name="resetable">1</entry></properties></text><text alt="1" enabled="1" fill="b" focus="0" id="CELLRANGEs.00" inputassistance="0" len="" multiline="0" multilineIcon="0" nl="1" regex="" required="0" separator="" showaspassword="0" text="Cell Range" tooltip="" upper="0"><oninputassistant><command request="_internal" target="_view" targetaction="setAttribute" targetparam="promptname|@id"/><command request="_internal" target="_view" targetaction="setAttribute" targetparam="promptvalue|@value"/><command owner="_promptsetcontainer" owneraction="getData" request="getpromptinputassistance" target="_chainwindow"/></oninputassistant><properties><entry listparam="C" name="reference" reftype="STATIC">UC_DATATYPE_STRING</entry><entry name="text">Cell Range</entry><entry name="multiselect">0</entry><entry name="separator"/><entry name="len"/><entry name="quotes"/><entry name="id">CELLRANGEs.00</entry><entry name="inputassistance">0</entry><entry name="enabled">0</entry><entry name="upper">0</entry><entry name="focus">0</entry><entry name="showaspassword">0</entry><entry name="tooltip"/><entry name="customfield"/><entry name="xmlkey"/><entry name="xmlpath"/><entry name="modifiable">1</entry><entry name="multiline">0</entry><entry name="multilineIcon">0</entry><entry name="regex"/><entry name="required">0</entry><entry name="initvalue"/><entry name="onchangereset"/><entry name="resetable">1</entry></properties></text><text alt="1" enabled="1" fill="b" focus="0" id="CULTUREs.00" inputassistance="0" len="" multiline="0" multilineIcon="0" nl="1" regex="" required="0" separator="" showaspassword="0" text="Culture" tooltip="" upper="0"><oninputassistant><command request="_internal" target="_view" targetaction="setAttribute" targetparam="promptname|@id"/><command request="_internal" target="_view" targetaction="setAttribute" targetparam="promptvalue|@value"/><command owner="_promptsetcontainer" owneraction="getData" request="getpromptinputassistance" target="_chainwindow"/></oninputassistant><properties><entry listparam="C" name="reference" reftype="STATIC">UC_DATATYPE_STRING</entry><entry name="text">Culture</entry><entry name="multiselect">0</entry><entry name="separator"/><entry name="len"/><entry name="quotes"/><entry name="id">CULTUREs.00</entry><entry name="inputassistance">0</entry><entry name="enabled">0</entry><entry name="upper">0</entry><entry name="focus">0</entry><entry name="showaspassword">0</entry><entry name="tooltip"/><entry name="customfield"/><entry name="xmlkey"/><entry name="xmlpath"/><entry name="modifiable">1</entry><entry name="multiline">0</entry><entry name="multilineIcon">0</entry><entry name="regex"/><entry name="required">0</entry><entry name="initvalue"/><entry name="onchangereset"/><entry name="resetable">1</entry></properties></text><text enabled="1" fill="b" focus="0" id="CELLVALUEs.00" inputassistance="0" len="" multiline="0" nl="1" separator="" showaspassword="0" text="New Cell Value" tooltip="" upper="0" alt="1" multilineIcon="0" regex="" required="0"><oninputassistant><command request="_internal" target="_view" targetaction="setAttribute" targetparam="promptname|@id"/><command request="_internal" target="_view" targetaction="setAttribute" targetparam="promptvalue|@value"/><command owner="_promptsetcontainer" owneraction="getData" request="getpromptinputassistance" target="_chainwindow"/></oninputassistant><properties><entry listparam="C" name="reference" reftype="STATIC">UC_DATATYPE_STRING</entry><entry name="text">New Cell Value</entry><entry name="multiselect">0</entry><entry name="separator"/><entry name="len"/><entry name="quotes"/><entry name="id">CELLVALUEs.00</entry><entry name="inputassistance">0</entry><entry name="enabled">0</entry><entry name="upper">0</entry><entry name="focus">0</entry><entry name="showaspassword">0</entry><entry name="tooltip"/><entry name="customfield"/><entry name="xmlkey"/><entry name="xmlpath"/><entry name="modifiable">1</entry><entry name="multiline">0</entry><entry name="multilineIcon">0</entry><entry name="regex"/><entry name="required">0</entry><entry name="initvalue"/><entry name="onchangereset"/><entry name="resetable">1</entry></properties></text></readpanel></dialog>]]></XUIEDITOR>
</PROMPTSETXUI>
<PROMPTSETDATA state="1">
<DATAEDITOR><![CDATA[<PRPTS ontop="1"><PRPTBOX><FILENAMEs.00 haslist="0" msgnr="-1" msginsert="" altview="0" promptname="FILENAME#" ReadFromTable="OPSE"></FILENAMEs.00><SHEETNAMEs.00 haslist="0" msgnr="-1" msginsert="" altview="0" promptname="SHEETNAME#" ReadFromTable="OPSE"></SHEETNAMEs.00><CELLRANGEs.00 haslist="0" msgnr="-1" msginsert="" altview="0" promptname="CELLRANGE#" ReadFromTable="OPSE"></CELLRANGEs.00><CULTUREs.00 haslist="0" msgnr="-1" msginsert="" altview="0" promptname="CULTURE#" ReadFromTable="OPSE">en-US</CULTUREs.00><CELLVALUEs.00 haslist="0" msgnr="-1" msginsert="" altview="0" promptname="CELLVALUE#" ReadFromTable="OPSE"></CELLVALUEs.00></PRPTBOX></PRPTS>]]></DATAEDITOR>
</PROMPTSETDATA>
<DOCU_Docu state="1" type="text">
<DOC/>
</DOCU_Docu>
</PRPT>
<VARA OVD_VRName="FREI" data_type="STATIC" name="VARA.OUTPUT_CLONE" replacementmode="2">
<HEADER state="1">
<Title/>
<ArchiveKey1/>
<ArchiveKey2/>
<OH_SubType>STATIC</OH_SubType>
</HEADER>
<ATTR_VARA state="1">
<Type>C|Text</Type>
<lblSource>Static</lblSource>
<source>STATIC</source>
<VRName>FREI|Freely selected</VRName>
<NotFoundErr>0</NotFoundErr>
<NotFoundDef>1</NotFoundDef>
<ShareN>0</ShareN>
<ShareL>0</ShareL>
<ShareR>0</ShareR>
<MaxValue_C>1024</MaxValue_C>
<CheckMax_C>0</CheckMax_C>
<uppercase>0</uppercase>
<sortColumn>0</sortColumn>
<sortDirection>0</sortDirection>
</ATTR_VARA>
<VARA state="1">
<Variables>
<row Name="0000000000000001" Value="One" Value1="Two" Value2="Three" Value3="" Value4=""/>
<row Name="0000000000000002" Value="1" Value1="2" Value2="3" Value3="" Value4=""/>
<row Name="0000000000000003" Value="A" Value1="B" Value2="C" Value3="" Value4=""/>
</Variables>
</VARA>
<DOCU_Docu state="1" type="text">
<DOC/>
</DOCU_Docu>
</VARA>
</uc-export>
