<?xml version="1.0" encoding="ISO-8859-15"?>
<uc-export clientvers="11.2.0-dev+main.build.2327">
<DOCU name="PCK.CUSTOM_MICROSOFT_EXCEL.PUB.DOC">
<HEADER state="1">
<Title>Pack Documentation</Title>
<ArchiveKey1/>
<ArchiveKey2/>
<OH_SubType/>
</HEADER>
<DOCU_Docu state="1" type="text">
<DOC><![CDATA[Microsoft Excel Action Pack
-------------------------------------
Read and update cell range in Excel File.

Requirements
-------------------
PowerShell
Microsoft Excel on Agent machine

Ensure following folders are present on Agent machine:

C:\Windows\System32\config\systemprofile\Desktop

(64Bit)
C:\Windows\SysWOW64\config\systemprofile\Desktop

As per <http://stackoverflow.com/questions/22670344/powershell-script-cannot-access-a-file-when-run-as-a-scheduled-task/22671918>
]]></DOC>
</DOCU_Docu>
</DOCU>
</uc-export>